Age,TypeofContact,CityTier,DurationOfPitch,Occupation,Gender,NumberOfPersonVisiting,NumberOfFollowups,ProductPitched,PreferredPropertyStar,MaritalStatus,NumberOfTrips,Passport,PitchSatisfactionScore,OwnCar,NumberOfChildrenVisiting,Designation,MonthlyIncome,ProdTaken,predicted_label,predicted_label_name,prediction_probability,actual_label_name,correct_prediction
30.0,Self Enquiry,1,35.0,Salaried,Female,4,4.0,Basic,3.0,Married,6.0,0,5,0,2.0,Executive,21192.0,0,0,No Product,0.0012689942,No Product,True
55.0,Self Enquiry,3,9.0,Salaried,Female,3,5.0,Standard,3.0,Divorced,8.0,0,5,1,1.0,Senior Manager,29364.0,0,0,No Product,0.00323852,No Product,True
32.0,Self Enquiry,3,14.0,Small Business,Male,4,4.0,Deluxe,3.0,Married,6.0,0,1,0,1.0,Manager,26225.0,0,0,No Product,0.00048038556,No Product,True
29.0,Company Invited,3,14.0,Salaried,Male,3,4.0,Deluxe,5.0,Unmarried,2.0,0,3,1,2.0,Manager,23576.0,0,1,Product Taken,0.7443146,No Product,False
34.0,Self Enquiry,1,6.0,Salaried,Male,2,3.0,Basic,3.0,Divorced,2.0,0,3,1,0.0,Executive,17691.0,0,0,No Product,0.00014163094,No Product,True
27.0,Self Enquiry,1,13.0,Salaried,Female,4,4.0,Basic,3.0,Married,3.0,1,1,0,2.0,Executive,21337.0,0,0,No Product,0.043001596,No Product,True
42.0,Self Enquiry,3,7.0,Salaried,Fe Male,4,4.0,Deluxe,3.0,Unmarried,2.0,1,2,1,1.0,Manager,24671.0,1,1,Product Taken,0.7839226,Product Taken,True
29.0,Self Enquiry,3,29.0,Salaried,Female,2,4.0,Standard,5.0,Married,2.0,0,3,1,1.0,Senior Manager,22336.0,1,1,Product Taken,0.92046034,Product Taken,True
60.0,Self Enquiry,1,13.0,Salaried,Female,2,3.0,King,5.0,Divorced,6.0,0,5,0,0.0,VP,34566.0,0,0,No Product,4.5652963e-05,No Product,True
31.0,Self Enquiry,1,14.0,Small Business,Male,3,5.0,Basic,4.0,Married,3.0,0,5,0,1.0,Executive,20819.0,0,0,No Product,0.08731211,No Product,True
35.0,Self Enquiry,3,22.0,Small Business,Male,3,3.0,Standard,4.0,Married,1.0,0,1,1,1.0,Senior Manager,23020.0,0,0,No Product,0.007767412,No Product,True
31.0,Company Invited,1,10.0,Salaried,Male,3,4.0,Basic,3.0,Married,6.0,0,3,1,1.0,Executive,20775.0,0,0,No Product,0.003466952,No Product,True
29.0,Self Enquiry,1,27.0,Salaried,Female,2,1.0,Standard,5.0,Married,2.0,0,5,1,1.0,Senior Manager,24980.0,0,0,No Product,0.0033416597,No Product,True
45.0,Self Enquiry,3,7.0,Small Business,Female,4,4.0,Deluxe,5.0,Married,7.0,1,2,0,1.0,Manager,24132.0,0,0,No Product,0.00029543217,No Product,True
41.0,Self Enquiry,1,9.0,Small Business,Female,4,5.0,Deluxe,3.0,Divorced,8.0,0,5,1,1.0,Manager,22126.0,0,0,No Product,0.041012187,No Product,True
30.0,Self Enquiry,2,6.0,Salaried,Male,2,3.0,Basic,3.0,Married,1.0,0,1,0,1.0,Executive,17064.0,0,0,No Product,0.00060332945,No Product,True
35.0,Company Invited,1,23.0,Large Business,Male,3,6.0,Basic,5.0,Married,3.0,1,3,1,1.0,Executive,20985.0,1,1,Product Taken,0.968616,Product Taken,True
37.0,Self Enquiry,1,12.0,Salaried,Female,3,4.0,Standard,5.0,Married,6.0,0,4,1,2.0,Senior Manager,26686.0,0,0,No Product,0.0007576501,No Product,True
47.0,Self Enquiry,1,25.0,Small Business,Female,3,4.0,Deluxe,3.0,Married,4.0,0,5,1,2.0,Manager,23488.0,0,0,No Product,0.15165403,No Product,True
30.0,Self Enquiry,1,7.0,Salaried,Female,4,4.0,Basic,3.0,Married,3.0,0,2,0,3.0,Executive,22438.0,0,0,No Product,0.00077637937,No Product,True
40.0,Self Enquiry,3,31.0,Small Business,Female,3,5.0,Super Deluxe,3.0,Married,2.0,0,1,1,2.0,AVP,30709.0,0,0,No Product,0.002970823,No Product,True
18.0,Company Invited,3,9.0,Small Business,Female,3,3.0,Basic,3.0,Single,2.0,1,5,0,1.0,Executive,16569.0,1,1,Product Taken,0.9817997,Product Taken,True
36.0,Self Enquiry,3,10.0,Salaried,Male,4,4.0,Standard,3.0,Married,8.0,0,5,0,2.0,Senior Manager,26501.0,0,0,No Product,0.0020095012,No Product,True
34.0,Company Invited,1,32.0,Large Business,Female,3,4.0,Basic,3.0,Married,2.0,0,1,1,0.0,Executive,17029.0,0,0,No Product,0.029912747,No Product,True
36.0,Self Enquiry,1,18.0,Small Business,Male,3,4.0,Basic,3.0,Married,2.0,1,5,0,1.0,Executive,21338.0,0,0,No Product,0.019709315,No Product,True
49.0,Self Enquiry,1,6.0,Large Business,Female,2,4.0,Super Deluxe,3.0,Single,1.0,1,3,1,0.0,AVP,28964.0,0,0,No Product,0.003911593,No Product,True
37.0,Company Invited,3,15.0,Small Business,Male,3,3.0,Standard,4.0,Married,2.0,0,2,1,0.0,Senior Manager,23834.0,0,0,No Product,0.003244763,No Product,True
32.0,Self Enquiry,1,14.0,Small Business,Female,3,4.0,Deluxe,5.0,Divorced,3.0,0,2,1,1.0,Manager,22984.0,0,0,No Product,0.0039321617,No Product,True
31.0,Self Enquiry,1,29.0,Small Business,Male,3,4.0,Deluxe,3.0,Divorced,1.0,0,3,1,1.0,Manager,20582.0,0,0,No Product,0.0019594566,No Product,True
58.0,Company Invited,1,8.0,Salaried,Male,2,4.0,Basic,3.0,Married,1.0,1,2,0,0.0,Executive,17380.0,1,1,Product Taken,0.940775,Product Taken,True
37.0,Self Enquiry,2,20.0,Salaried,Male,3,4.0,Basic,4.0,Married,6.0,0,3,1,2.0,Executive,20821.0,0,0,No Product,0.22191861,No Product,True
40.0,Self Enquiry,1,25.0,Salaried,Male,3,4.0,Deluxe,3.0,Unmarried,2.0,0,3,0,1.0,Manager,23212.0,0,0,No Product,0.017373662,No Product,True
56.0,Company Invited,1,15.0,Small Business,Female,3,3.0,Basic,3.0,Married,3.0,0,1,1,0.0,Executive,17942.0,0,0,No Product,0.000319311,No Product,True
36.0,Company Invited,3,17.0,Large Business,Female,3,3.0,Standard,3.0,Married,1.0,0,5,0,2.0,Senior Manager,24738.0,0,0,No Product,0.002722748,No Product,True
30.0,Self Enquiry,1,8.0,Salaried,Male,3,3.0,Basic,4.0,Unmarried,2.0,0,3,0,0.0,Executive,26916.0,1,0,No Product,0.18082924,Product Taken,False
20.0,Self Enquiry,3,29.0,Small Business,Male,3,4.0,Basic,3.0,Single,3.0,1,1,1,1.0,Executive,20353.0,1,1,Product Taken,0.985935,Product Taken,True
29.0,Self Enquiry,1,19.0,Salaried,Female,4,4.0,Basic,3.0,Divorced,3.0,1,4,1,1.0,Executive,21193.0,1,1,Product Taken,0.76917195,Product Taken,True
31.0,Self Enquiry,1,15.0,Salaried,Male,2,3.0,Standard,4.0,Married,2.0,0,3,1,1.0,Senior Manager,25648.0,0,0,No Product,0.00020493007,No Product,True
54.0,Self Enquiry,1,14.0,Salaried,Male,3,3.0,Super Deluxe,3.0,Divorced,5.0,0,2,0,1.0,AVP,33492.0,0,0,No Product,5.8765954e-06,No Product,True
40.0,Self Enquiry,1,10.0,Small Business,Female,2,3.0,King,3.0,Married,2.0,0,5,1,1.0,VP,34033.0,0,0,No Product,0.008247246,No Product,True
29.0,Self Enquiry,1,23.0,Small Business,Male,4,2.0,Deluxe,5.0,Unmarried,2.0,0,5,0,2.0,Manager,24339.0,0,0,No Product,0.07963256,No Product,True
60.0,Company Invited,3,34.0,Small Business,Female,3,4.0,Standard,5.0,Married,5.0,0,1,1,0.0,Senior Manager,25266.0,0,0,No Product,0.0012145481,No Product,True
33.0,Company Invited,1,23.0,Salaried,Female,4,6.0,Basic,5.0,Unmarried,3.0,1,4,0,1.0,Executive,22597.0,1,1,Product Taken,0.99631673,Product Taken,True
36.0,Self Enquiry,1,23.0,Salaried,Fe Male,4,5.0,Standard,4.0,Unmarried,3.0,0,1,1,3.0,Senior Manager,27284.0,0,0,No Product,0.0036775984,No Product,True
28.0,Company Invited,1,16.0,Small Business,Male,3,4.0,Basic,4.0,Married,8.0,0,3,1,2.0,Executive,20702.0,0,1,Product Taken,0.93858916,No Product,False
35.0,Self Enquiry,3,24.0,Small Business,Male,3,3.0,Deluxe,5.0,Married,1.0,0,3,0,0.0,Manager,17144.0,0,0,No Product,0.010305808,No Product,True
33.0,Company Invited,3,33.0,Small Business,Male,4,4.0,Deluxe,3.0,Married,2.0,0,4,1,2.0,Manager,23143.0,0,0,No Product,0.029589819,No Product,True
29.0,Self Enquiry,1,14.0,Salaried,Female,2,5.0,Deluxe,5.0,Married,4.0,0,1,0,0.0,Manager,24715.0,0,0,No Product,0.0024290031,No Product,True
29.0,Company Invited,1,8.0,Salaried,Female,3,3.0,Basic,4.0,Divorced,1.0,0,5,0,2.0,Executive,18180.0,0,0,No Product,0.108367816,No Product,True
32.0,Self Enquiry,1,18.0,Small Business,Male,4,4.0,Deluxe,5.0,Divorced,3.0,1,2,0,3.0,Manager,25511.0,0,0,No Product,0.009903058,No Product,True
29.0,Self Enquiry,1,31.0,Large Business,Female,3,4.0,Basic,4.0,Married,6.0,0,3,1,2.0,Executive,17546.0,1,1,Product Taken,0.91270566,Product Taken,True
30.0,Self Enquiry,3,30.0,Salaried,Female,3,5.0,Standard,5.0,Divorced,3.0,0,3,0,1.0,Senior Manager,26014.0,1,1,Product Taken,0.8707018,Product Taken,True
36.0,Self Enquiry,1,32.0,Large Business,Male,4,5.0,Standard,4.0,Married,5.0,0,3,1,2.0,Senior Manager,29581.0,0,0,No Product,0.0018825746,No Product,True
45.0,Company Invited,1,6.0,Small Business,Male,2,3.0,Deluxe,3.0,Single,5.0,0,1,1,1.0,Manager,20399.0,0,0,No Product,4.750744e-05,No Product,True
34.0,Self Enquiry,1,11.0,Small Business,Fe Male,2,4.0,Standard,5.0,Unmarried,3.0,0,1,1,1.0,Senior Manager,26631.0,0,0,No Product,7.664965e-06,No Product,True
45.0,Self Enquiry,1,8.0,Salaried,Female,3,4.0,Basic,3.0,Single,2.0,0,3,1,1.0,Executive,17274.0,0,0,No Product,0.01686965,No Product,True
43.0,Company Invited,3,32.0,Salaried,Male,3,3.0,Super Deluxe,3.0,Divorced,2.0,1,2,0,0.0,AVP,31959.0,0,0,No Product,0.1007484,No Product,True
46.0,Self Enquiry,3,9.0,Large Business,Male,3,6.0,Deluxe,3.0,Unmarried,2.0,0,5,1,2.0,Manager,25310.0,0,0,No Product,0.0034075181,No Product,True
27.0,Company Invited,1,12.0,Small Business,Female,3,5.0,Basic,3.0,Divorced,3.0,1,2,0,2.0,Executive,21044.0,1,0,No Product,0.022575265,Product Taken,False
48.0,Company Invited,3,10.0,Small Business,Female,3,4.0,Super Deluxe,3.0,Married,2.0,1,5,1,1.0,AVP,32448.0,0,0,No Product,0.016489182,No Product,True
28.0,Company Invited,3,6.0,Large Business,Male,3,3.0,Basic,3.0,Divorced,4.0,0,3,1,0.0,Executive,17909.0,1,0,No Product,0.14583261,Product Taken,False
40.0,Company Invited,3,34.0,Salaried,Male,2,5.0,Standard,5.0,Married,4.0,0,5,0,1.0,Senior Manager,25932.0,0,0,No Product,0.07608993,No Product,True
34.0,Company Invited,1,13.0,Salaried,Male,3,5.0,Deluxe,3.0,Single,2.0,1,5,1,1.0,Manager,21074.0,1,1,Product Taken,0.8475193,Product Taken,True
20.0,Self Enquiry,3,27.0,Small Business,Male,2,1.0,Basic,3.0,Single,2.0,0,3,1,1.0,Executive,17678.0,0,0,No Product,0.023915986,No Product,True
57.0,Self Enquiry,1,21.0,Salaried,Female,4,4.0,Basic,4.0,Married,2.0,1,5,1,1.0,Executive,23641.0,1,0,No Product,0.006196657,Product Taken,False
41.0,Company Invited,1,33.0,Small Business,Female,4,5.0,Deluxe,3.0,Married,5.0,1,1,0,2.0,Manager,23100.0,0,0,No Product,0.00040381504,No Product,True
33.0,Self Enquiry,3,15.0,Large Business,Female,4,5.0,Deluxe,4.0,Married,3.0,1,1,1,3.0,Manager,23906.0,0,0,No Product,0.00018258805,No Product,True
36.0,Self Enquiry,1,16.0,Large Business,Female,3,3.0,Standard,3.0,Divorced,4.0,0,3,0,2.0,Senior Manager,22094.0,0,0,No Product,0.003036844,No Product,True
42.0,Self Enquiry,3,6.0,Salaried,Male,2,3.0,Deluxe,3.0,Divorced,2.0,0,3,1,0.0,Manager,19907.0,0,0,No Product,0.016298378,No Product,True
32.0,Self Enquiry,1,29.0,Small Business,Male,4,4.0,Deluxe,3.0,Divorced,3.0,1,5,1,1.0,Manager,24857.0,1,1,Product Taken,0.89825636,Product Taken,True
37.0,Self Enquiry,2,20.0,Salaried,Male,3,5.0,Basic,5.0,Married,6.0,1,5,1,2.0,Executive,23317.0,1,0,No Product,0.16804059,Product Taken,False
33.0,Company Invited,3,28.0,Small Business,Male,3,3.0,Deluxe,4.0,Divorced,1.0,0,2,0,1.0,Manager,21146.0,0,0,No Product,0.02752028,No Product,True
27.0,Self Enquiry,3,15.0,Large Business,Male,3,5.0,Deluxe,5.0,Unmarried,8.0,0,3,0,1.0,Manager,24004.0,1,1,Product Taken,0.9727656,Product Taken,True
43.0,Self Enquiry,1,9.0,Salaried,Female,3,4.0,Deluxe,3.0,Divorced,3.0,0,2,1,1.0,Manager,22767.0,0,0,No Product,0.0017065497,No Product,True
30.0,Self Enquiry,1,22.0,Salaried,Male,2,3.0,Basic,3.0,Married,2.0,0,1,0,0.0,Executive,17862.0,0,0,No Product,0.0021889608,No Product,True
39.0,Self Enquiry,1,30.0,Salaried,Male,3,4.0,Deluxe,3.0,Married,2.0,0,3,0,2.0,Manager,24423.0,0,0,No Product,0.0039349194,No Product,True
30.0,Company Invited,3,18.0,Salaried,Male,3,4.0,Basic,5.0,Divorced,2.0,0,5,1,0.0,Executive,17033.0,1,1,Product Taken,0.5556051,Product Taken,True
26.0,Company Invited,1,11.0,Small Business,Female,2,4.0,Basic,3.0,Divorced,2.0,1,2,0,1.0,Executive,17366.0,1,0,No Product,0.09644711,Product Taken,False
46.0,Self Enquiry,1,27.0,Small Business,Male,4,4.0,Super Deluxe,3.0,Divorced,2.0,1,3,0,1.0,AVP,32174.0,0,0,No Product,0.0009720609,No Product,True
33.0,Company Invited,1,36.0,Small Business,Female,4,4.0,Basic,3.0,Unmarried,2.0,0,3,1,3.0,Executive,22703.0,0,1,Product Taken,0.8415221,No Product,False
32.0,Self Enquiry,1,11.0,Salaried,Male,2,4.0,Deluxe,3.0,Unmarried,1.0,0,1,0,1.0,Manager,24679.0,0,0,No Product,0.00022734705,No Product,True
36.0,Self Enquiry,1,22.0,Salaried,Female,2,1.0,Basic,5.0,Single,2.0,0,2,1,0.0,Executive,17743.0,1,1,Product Taken,0.821349,Product Taken,True
33.0,Self Enquiry,1,16.0,Small Business,Female,3,4.0,Basic,5.0,Unmarried,2.0,0,4,1,2.0,Executive,22878.0,1,0,No Product,0.27546507,Product Taken,False
38.0,Self Enquiry,1,21.0,Salaried,Male,3,4.0,Standard,3.0,Married,1.0,1,5,1,1.0,Senior Manager,26510.0,0,0,No Product,0.021990424,No Product,True
36.0,Self Enquiry,1,15.0,Salaried,Male,3,2.0,Basic,3.0,Married,3.0,0,5,1,2.0,Executive,20947.0,0,0,No Product,0.0005369166,No Product,True
29.0,Self Enquiry,1,21.0,Salaried,Female,3,5.0,Basic,3.0,Divorced,1.0,1,5,1,0.0,Executive,17168.0,0,0,No Product,0.30248114,No Product,True
36.0,Company Invited,1,9.0,Small Business,Female,3,4.0,Deluxe,4.0,Unmarried,7.0,0,1,0,1.0,Manager,23103.0,0,0,No Product,9.553702e-07,No Product,True
54.0,Self Enquiry,3,15.0,Small Business,Male,4,4.0,Super Deluxe,3.0,Divorced,7.0,0,3,0,3.0,AVP,30514.0,0,0,No Product,0.004627332,No Product,True
34.0,Self Enquiry,1,6.0,Salaried,Male,2,3.0,Deluxe,3.0,Married,1.0,0,4,1,0.0,Manager,20484.0,0,0,No Product,0.010132429,No Product,True
31.0,Self Enquiry,1,15.0,Salaried,Female,4,2.0,Standard,5.0,Divorced,2.0,1,2,0,3.0,Senior Manager,30094.0,0,0,No Product,0.00015633911,No Product,True
42.0,Self Enquiry,1,13.0,Small Business,Male,3,4.0,Basic,5.0,Unmarried,4.0,1,4,1,2.0,Executive,23399.0,0,1,Product Taken,0.62751424,No Product,False
24.0,Self Enquiry,1,7.0,Salaried,Male,3,4.0,Basic,3.0,Divorced,3.0,0,4,0,2.0,Executive,19901.0,0,0,No Product,0.0026462069,No Product,True
44.0,Self Enquiry,1,34.0,Salaried,Male,2,3.0,Super Deluxe,5.0,Divorced,4.0,0,1,1,0.0,AVP,31328.0,0,0,No Product,0.0072045582,No Product,True
46.0,Self Enquiry,1,13.0,Small Business,Male,3,3.0,Standard,3.0,Married,7.0,0,2,0,2.0,Senior Manager,25845.0,0,0,No Product,0.015308173,No Product,True
42.0,Self Enquiry,1,14.0,Large Business,Female,3,2.0,Basic,3.0,Divorced,3.0,0,3,1,2.0,Executive,22054.0,0,0,No Product,0.03929151,No Product,True
44.0,Company Invited,1,14.0,Small Business,Male,3,3.0,Basic,3.0,Married,6.0,0,4,0,2.0,Executive,20767.0,0,0,No Product,0.000293623,No Product,True
29.0,Self Enquiry,3,26.0,Small Business,Male,2,3.0,Deluxe,3.0,Married,3.0,0,2,1,1.0,Manager,21931.0,0,0,No Product,0.007365763,No Product,True
42.0,Company Invited,1,8.0,Small Business,Male,2,3.0,Basic,3.0,Single,6.0,1,1,1,1.0,Executive,17515.0,0,0,No Product,0.017260637,No Product,True
45.0,Company Invited,1,12.0,Salaried,Male,3,5.0,Basic,3.0,Unmarried,5.0,0,1,0,2.0,Executive,21840.0,0,0,No Product,8.500658e-05,No Product,True
30.0,Company Invited,3,27.0,Large Business,Female,3,4.0,Basic,3.0,Married,3.0,0,3,0,2.0,Executive,20835.0,0,0,No Product,0.05215707,No Product,True
39.0,Company Invited,1,13.0,Small Business,Female,4,6.0,Deluxe,3.0,Married,2.0,1,1,0,3.0,Manager,24007.0,0,0,No Product,4.5440007e-05,No Product,True
32.0,Self Enquiry,3,14.0,Salaried,Male,3,5.0,Basic,3.0,Divorced,5.0,0,4,1,2.0,Executive,21007.0,0,0,No Product,0.032303307,No Product,True
20.0,Self Enquiry,1,10.0,Small Business,Female,4,4.0,Basic,4.0,Single,3.0,0,3,1,1.0,Executive,20161.0,0,0,No Product,0.01609998,No Product,True
39.0,Company Invited,1,14.0,Salaried,Male,3,2.0,Basic,3.0,Married,3.0,0,3,0,1.0,Executive,21288.0,0,0,No Product,0.00034145007,No Product,True
38.0,Self Enquiry,1,10.0,Small Business,Female,2,3.0,Basic,3.0,Married,1.0,0,5,0,0.0,Executive,18306.0,0,0,No Product,0.00016870549,No Product,True
28.0,Self Enquiry,1,14.0,Small Business,Fe Male,3,5.0,Deluxe,5.0,Unmarried,2.0,0,3,1,1.0,Manager,25489.0,0,0,No Product,0.012593371,No Product,True
31.0,Self Enquiry,1,18.0,Small Business,Female,2,3.0,Deluxe,3.0,Divorced,1.0,1,4,0,1.0,Manager,20855.0,0,0,No Product,0.019293549,No Product,True
36.0,Self Enquiry,3,17.0,Small Business,Male,3,5.0,Standard,5.0,Married,2.0,0,5,1,2.0,Senior Manager,28984.0,1,1,Product Taken,0.73243815,Product Taken,True
46.0,Self Enquiry,3,15.0,Small Business,Male,3,4.0,Standard,3.0,Unmarried,2.0,0,5,0,1.0,Senior Manager,24619.0,1,1,Product Taken,0.9104786,Product Taken,True
24.0,Self Enquiry,1,29.0,Small Business,Male,2,1.0,Basic,3.0,Married,2.0,1,4,0,0.0,Executive,17725.0,0,0,No Product,0.38961068,No Product,True
44.0,Company Invited,1,28.0,Small Business,Male,4,4.0,Basic,3.0,Married,2.0,0,4,1,3.0,Executive,20936.0,0,0,No Product,0.26796618,No Product,True
54.0,Self Enquiry,1,25.0,Small Business,Female,3,3.0,Deluxe,5.0,Married,1.0,1,3,0,2.0,Manager,20485.0,0,0,No Product,0.020747734,No Product,True
35.0,Self Enquiry,3,9.0,Salaried,Male,3,4.0,Deluxe,3.0,Unmarried,3.0,0,5,0,1.0,Manager,24952.0,0,0,No Product,0.0023129873,No Product,True
38.0,Company Invited,1,8.0,Small Business,Female,2,4.0,Basic,4.0,Single,2.0,0,1,1,0.0,Executive,17440.0,0,0,No Product,0.0032849398,No Product,True
52.0,Self Enquiry,1,13.0,Salaried,Male,2,3.0,Standard,4.0,Unmarried,1.0,0,3,1,1.0,Senior Manager,25445.0,0,0,No Product,0.03935089,No Product,True
25.0,Self Enquiry,3,32.0,Small Business,Female,2,3.0,Deluxe,3.0,Single,2.0,0,4,0,0.0,Manager,21180.0,0,1,Product Taken,0.6999829,No Product,False
40.0,Company Invited,1,32.0,Salaried,Male,4,4.0,Standard,3.0,Divorced,5.0,0,1,0,1.0,Senior Manager,29598.0,0,1,Product Taken,0.7220436,No Product,False
34.0,Company Invited,1,22.0,Salaried,Female,3,4.0,Basic,3.0,Single,2.0,0,5,1,1.0,Executive,17553.0,0,0,No Product,0.024906594,No Product,True
41.0,Company Invited,1,33.0,Small Business,Female,4,5.0,Deluxe,3.0,Divorced,5.0,1,2,1,1.0,Manager,23100.0,0,0,No Product,0.004675591,No Product,True
56.0,Self Enquiry,1,15.0,Small Business,Male,2,3.0,Super Deluxe,3.0,Divorced,1.0,0,4,0,0.0,AVP,26103.0,0,0,No Product,6.534538e-05,No Product,True
39.0,Company Invited,1,5.0,Small Business,Male,2,4.0,King,3.0,Divorced,2.0,0,5,1,1.0,VP,34272.0,0,0,No Product,0.003940268,No Product,True
43.0,Self Enquiry,1,9.0,Salaried,Female,3,4.0,Deluxe,3.0,Married,3.0,0,1,0,1.0,Manager,22767.0,0,0,No Product,0.00017395134,No Product,True
34.0,Self Enquiry,3,20.0,Large Business,Female,2,3.0,Basic,3.0,Married,2.0,1,5,1,0.0,Executive,17579.0,0,0,No Product,0.099727444,No Product,True
36.0,Self Enquiry,3,6.0,Salaried,Male,2,3.0,Deluxe,3.0,Married,2.0,1,3,1,1.0,Manager,21201.0,0,0,No Product,0.005973199,No Product,True
28.0,Self Enquiry,1,33.0,Small Business,Female,2,5.0,Deluxe,5.0,Married,1.0,0,4,1,0.0,Manager,20208.0,0,0,No Product,0.03221036,No Product,True
38.0,Self Enquiry,1,17.0,Small Business,Female,4,4.0,Basic,4.0,Married,3.0,0,1,1,1.0,Executive,22614.0,0,0,No Product,0.0005997302,No Product,True
31.0,Self Enquiry,1,30.0,Small Business,Female,3,4.0,Deluxe,5.0,Unmarried,2.0,0,5,0,2.0,Manager,21812.0,0,0,No Product,0.1770542,No Product,True
58.0,Self Enquiry,1,8.0,Large Business,Male,2,3.0,Basic,3.0,Single,5.0,0,2,1,1.0,Executive,17479.0,1,1,Product Taken,0.9342968,Product Taken,True
45.0,Company Invited,1,30.0,Small Business,Male,4,4.0,Deluxe,4.0,Married,6.0,0,3,0,2.0,Manager,20720.0,0,0,No Product,0.213059,No Product,True
25.0,Company Invited,3,20.0,Salaried,Female,4,4.0,Basic,4.0,Divorced,3.0,0,1,0,1.0,Executive,20711.0,0,0,No Product,0.0043233945,No Product,True
29.0,Self Enquiry,1,21.0,Salaried,Male,2,3.0,Basic,3.0,Single,2.0,0,3,0,0.0,Executive,17340.0,0,0,No Product,0.022860102,No Product,True
26.0,Company Invited,1,13.0,Small Business,Male,3,3.0,Basic,3.0,Single,2.0,0,4,1,2.0,Executive,17570.0,0,0,No Product,0.04488252,No Product,True
45.0,Self Enquiry,2,30.0,Small Business,Male,2,3.0,Basic,4.0,Single,2.0,0,4,0,1.0,Executive,17177.0,0,0,No Product,0.14363419,No Product,True
44.0,Company Invited,1,34.0,Salaried,Female,3,4.0,Standard,5.0,Married,2.0,0,4,1,1.0,Senior Manager,29498.0,0,0,No Product,0.06913204,No Product,True
25.0,Company Invited,1,18.0,Salaried,Female,4,2.0,Deluxe,3.0,Married,2.0,0,5,0,2.0,Manager,22689.0,0,0,No Product,0.08801585,No Product,True
46.0,Self Enquiry,3,8.0,Small Business,Female,3,3.0,Super Deluxe,5.0,Divorced,1.0,0,2,1,0.0,AVP,32048.0,0,0,No Product,3.481543e-07,No Product,True
22.0,Company Invited,3,16.0,Small Business,Male,3,4.0,Basic,3.0,Unmarried,3.0,0,4,1,1.0,Executive,21288.0,0,0,No Product,0.11757178,No Product,True
44.0,Self Enquiry,3,6.0,Small Business,Female,3,3.0,Deluxe,5.0,Married,6.0,1,2,0,0.0,Manager,20454.0,0,0,No Product,0.00017724364,No Product,True
38.0,Self Enquiry,1,8.0,Salaried,Female,3,5.0,Deluxe,3.0,Married,3.0,0,1,0,1.0,Manager,25152.0,0,0,No Product,0.0001757747,No Product,True
37.0,Company Invited,3,18.0,Large Business,Female,4,4.0,Standard,3.0,Divorced,2.0,0,5,0,1.0,Senior Manager,28416.0,0,0,No Product,0.022002177,No Product,True
29.0,Self Enquiry,3,25.0,Salaried,Male,3,4.0,Deluxe,3.0,Married,2.0,0,4,1,0.0,Manager,23620.0,0,0,No Product,0.0003587559,No Product,True
44.0,Self Enquiry,1,13.0,Small Business,Female,2,3.0,King,3.0,Married,1.0,1,4,1,1.0,VP,34049.0,0,0,No Product,0.07691018,No Product,True
44.0,Company Invited,1,29.0,Small Business,Male,3,3.0,Deluxe,4.0,Married,5.0,0,3,0,1.0,Manager,17042.0,0,0,No Product,0.22142063,No Product,True
41.0,Self Enquiry,3,8.0,Salaried,Female,3,3.0,Super Deluxe,5.0,Divorced,1.0,0,5,1,1.0,AVP,31595.0,0,0,No Product,0.0003268318,No Product,True
45.0,Company Invited,1,8.0,Small Business,Male,3,4.0,Super Deluxe,3.0,Married,1.0,0,4,1,2.0,AVP,31792.0,0,0,No Product,0.00078147656,No Product,True
24.0,Self Enquiry,1,17.0,Large Business,Male,3,2.0,Basic,3.0,Married,4.0,0,1,1,1.0,Executive,20751.0,0,0,No Product,0.0027426274,No Product,True
24.0,Self Enquiry,1,27.0,Large Business,Male,2,4.0,Basic,5.0,Married,1.0,0,3,0,0.0,Executive,17296.0,0,1,Product Taken,0.8018385,No Product,False
27.0,Self Enquiry,1,11.0,Large Business,Male,2,4.0,Standard,3.0,Married,2.0,1,3,1,1.0,Senior Manager,27808.0,0,0,No Product,0.004470105,No Product,True
22.0,Self Enquiry,1,25.0,Small Business,Male,3,3.0,Basic,3.0,Married,2.0,0,1,1,0.0,Executive,17323.0,0,0,No Product,0.0062864497,No Product,True
59.0,Company Invited,3,6.0,Salaried,Female,2,4.0,Deluxe,3.0,Single,1.0,0,5,1,0.0,Manager,20473.0,0,0,No Product,0.044387367,No Product,True
39.0,Company Invited,1,36.0,Salaried,Female,3,4.0,Deluxe,3.0,Single,3.0,0,3,1,1.0,Manager,21084.0,0,0,No Product,0.007383013,No Product,True
59.0,Self Enquiry,3,17.0,Small Business,Male,3,4.0,Super Deluxe,3.0,Single,2.0,0,3,1,2.0,AVP,32550.0,0,0,No Product,0.1661226,No Product,True
35.0,Self Enquiry,2,32.0,Salaried,Fe Male,2,3.0,Standard,3.0,Unmarried,2.0,1,1,1,0.0,Senior Manager,23837.0,0,0,No Product,0.3036946,No Product,True
39.0,Self Enquiry,1,10.0,Large Business,Female,3,4.0,Deluxe,3.0,Unmarried,5.0,1,5,1,1.0,Manager,22995.0,0,0,No Product,0.017862218,No Product,True
45.0,Company Invited,1,31.0,Small Business,Female,2,3.0,King,4.0,Single,4.0,0,4,1,1.0,VP,33061.0,0,0,No Product,0.006611259,No Product,True
36.0,Self Enquiry,3,25.0,Small Business,Male,4,4.0,Deluxe,5.0,Married,2.0,0,3,0,1.0,Manager,20822.0,0,0,No Product,0.0027913202,No Product,True
37.0,Self Enquiry,1,11.0,Small Business,Male,3,3.0,Deluxe,3.0,Married,1.0,0,3,1,2.0,Manager,21347.0,0,0,No Product,0.0032822776,No Product,True
41.0,Self Enquiry,1,7.0,Salaried,Female,3,4.0,Deluxe,3.0,Married,6.0,0,3,0,2.0,Manager,25191.0,0,0,No Product,1.2415331e-05,No Product,True
29.0,Company Invited,1,31.0,Large Business,Male,4,5.0,Standard,5.0,Unmarried,3.0,0,1,1,2.0,Senior Manager,27400.0,1,0,No Product,0.014991804,Product Taken,False
43.0,Self Enquiry,3,15.0,Small Business,Female,2,5.0,Deluxe,3.0,Single,1.0,0,2,1,1.0,Manager,20346.0,1,0,No Product,0.04684196,Product Taken,False
36.0,Company Invited,3,14.0,Salaried,Male,3,4.0,Standard,5.0,Unmarried,2.0,0,1,0,0.0,Senior Manager,22587.0,0,0,No Product,0.019425483,No Product,True
34.0,Company Invited,1,7.0,Salaried,Female,4,4.0,Standard,3.0,Single,3.0,1,1,1,1.0,Senior Manager,32136.0,0,0,No Product,0.0046382775,No Product,True
36.0,Company Invited,1,25.0,Salaried,Male,3,4.0,Standard,3.0,Unmarried,4.0,0,3,0,1.0,Senior Manager,28040.0,0,0,No Product,0.077971905,No Product,True
53.0,Self Enquiry,1,30.0,Small Business,Male,2,1.0,Standard,3.0,Married,4.0,0,3,0,1.0,Senior Manager,22005.0,0,0,No Product,0.11668371,No Product,True
41.0,Self Enquiry,2,6.0,Salaried,Male,2,4.0,King,3.0,Divorced,2.0,0,2,1,1.0,VP,34189.0,0,0,No Product,0.00049272494,No Product,True
39.0,Company Invited,1,9.0,Salaried,Male,3,4.0,Basic,3.0,Divorced,3.0,1,5,1,2.0,Executive,20380.0,0,0,No Product,0.0618611,No Product,True
54.0,Self Enquiry,1,11.0,Small Business,Male,2,3.0,King,5.0,Divorced,5.0,0,4,1,0.0,VP,34406.0,0,0,No Product,0.0018468848,No Product,True
44.0,Company Invited,1,24.0,Large Business,Male,3,5.0,Basic,3.0,Married,2.0,1,5,1,2.0,Executive,21115.0,1,1,Product Taken,0.9459296,Product Taken,True
37.0,Company Invited,1,15.0,Small Business,Male,2,3.0,Basic,3.0,Married,2.0,1,1,0,1.0,Executive,17326.0,0,0,No Product,0.0003291222,No Product,True
43.0,Self Enquiry,1,31.0,Small Business,Male,3,4.0,Standard,5.0,Divorced,3.0,1,2,1,2.0,Senior Manager,26084.0,0,0,No Product,0.007526209,No Product,True
59.0,Company Invited,1,7.0,Salaried,Male,3,6.0,Deluxe,3.0,Married,4.0,1,1,1,2.0,Manager,24338.0,0,0,No Product,5.2576106e-05,No Product,True
22.0,Self Enquiry,1,21.0,Small Business,Female,2,3.0,Basic,3.0,Single,2.0,0,1,1,1.0,Executive,17871.0,0,0,No Product,0.001696262,No Product,True
42.0,Company Invited,1,25.0,Small Business,Male,2,2.0,Basic,3.0,Married,7.0,1,3,1,1.0,Executive,17759.0,1,1,Product Taken,0.8593521,Product Taken,True
50.0,Company Invited,1,15.0,Salaried,Male,4,5.0,Deluxe,4.0,Married,3.0,0,1,0,1.0,Manager,23808.0,0,0,No Product,0.0064503425,No Product,True
26.0,Company Invited,1,8.0,Salaried,Male,2,3.0,Basic,5.0,Divorced,7.0,1,5,1,0.0,Executive,17042.0,1,1,Product Taken,0.8751034,Product Taken,True
46.0,Self Enquiry,1,21.0,Salaried,Male,2,3.0,King,4.0,Married,6.0,0,3,1,1.0,VP,34081.0,0,0,No Product,0.0006439171,No Product,True
44.0,Self Enquiry,3,11.0,Small Business,Male,2,3.0,King,4.0,Divorced,1.0,0,5,1,1.0,VP,33213.0,0,0,No Product,0.0055117845,No Product,True
45.0,Company Invited,1,13.0,Salaried,Male,3,2.0,Deluxe,3.0,Divorced,5.0,0,2,0,2.0,Manager,21434.0,0,0,No Product,0.0003221317,No Product,True
37.0,Self Enquiry,3,16.0,Salaried,Female,2,4.0,Deluxe,3.0,Married,3.0,1,4,0,0.0,Manager,21694.0,0,0,No Product,0.001071614,No Product,True
25.0,Company Invited,3,31.0,Small Business,Male,3,4.0,Basic,3.0,Divorced,2.0,0,4,0,2.0,Executive,21078.0,0,0,No Product,0.0092470385,No Product,True
34.0,Self Enquiry,1,16.0,Small Business,Male,3,4.0,Basic,3.0,Divorced,2.0,0,2,1,1.0,Executive,21459.0,0,0,No Product,0.0003857294,No Product,True
32.0,Self Enquiry,2,9.0,Salaried,Male,4,5.0,Deluxe,5.0,Married,5.0,0,3,0,3.0,Manager,25088.0,0,0,No Product,0.10429672,No Product,True
20.0,Company Invited,1,17.0,Small Business,Female,4,5.0,Basic,4.0,Single,3.0,1,5,1,2.0,Executive,20537.0,1,1,Product Taken,0.9780045,Product Taken,True
52.0,Self Enquiry,3,34.0,Salaried,Male,3,4.0,Deluxe,3.0,Single,3.0,1,5,1,2.0,Manager,32704.0,1,1,Product Taken,0.97316855,Product Taken,True
36.0,Self Enquiry,2,14.0,Salaried,Male,3,4.0,Basic,5.0,Married,1.0,0,1,0,1.0,Executive,17342.0,0,1,Product Taken,0.5152123,No Product,False
23.0,Self Enquiry,1,14.0,Salaried,Male,4,4.0,Basic,4.0,Single,3.0,1,3,1,1.0,Executive,21150.0,1,1,Product Taken,0.90881157,Product Taken,True
24.0,Self Enquiry,3,6.0,Large Business,Female,3,3.0,Basic,4.0,Single,2.0,1,4,1,2.0,Executive,18202.0,1,1,Product Taken,0.8463322,Product Taken,True
28.0,Self Enquiry,3,30.0,Small Business,Female,3,5.0,Deluxe,3.0,Married,3.0,0,1,1,2.0,Manager,22218.0,0,0,No Product,0.0033950885,No Product,True
36.0,Self Enquiry,1,7.0,Small Business,Male,3,5.0,Basic,3.0,Married,8.0,0,1,1,2.0,Executive,20936.0,0,0,No Product,0.0017511569,No Product,True
31.0,Company Invited,3,33.0,Small Business,Fe Male,3,5.0,Deluxe,5.0,Unmarried,7.0,0,2,0,2.0,Manager,25374.0,1,1,Product Taken,0.6702528,Product Taken,True
34.0,Self Enquiry,3,27.0,Salaried,Male,3,1.0,Deluxe,3.0,Single,2.0,0,3,0,0.0,Manager,20337.0,0,0,No Product,0.43731558,No Product,True
40.0,Self Enquiry,1,6.0,Salaried,Female,2,3.0,Deluxe,3.0,Married,5.0,0,3,0,1.0,Manager,21513.0,0,0,No Product,7.2015687e-06,No Product,True
51.0,Self Enquiry,1,10.0,Salaried,Male,2,3.0,Basic,3.0,Married,1.0,1,1,0,0.0,Executive,17461.0,1,1,Product Taken,0.83860844,Product Taken,True
36.0,Self Enquiry,3,16.0,Small Business,Male,2,4.0,Standard,5.0,Married,1.0,0,5,0,0.0,Senior Manager,22094.0,1,1,Product Taken,0.94256693,Product Taken,True
27.0,Self Enquiry,1,12.0,Salaried,Male,2,4.0,Basic,3.0,Divorced,2.0,0,2,1,1.0,Executive,17539.0,0,0,No Product,0.0016497266,No Product,True
57.0,Company Invited,3,13.0,Salaried,Female,3,2.0,Super Deluxe,5.0,Married,2.0,0,3,1,1.0,AVP,31890.0,0,0,No Product,0.00038939636,No Product,True
41.0,Company Invited,1,9.0,Small Business,Female,3,2.0,Deluxe,4.0,Married,3.0,0,3,0,1.0,Manager,22922.0,0,0,No Product,0.0010948974,No Product,True
30.0,Self Enquiry,3,14.0,Salaried,Male,3,3.0,Standard,3.0,Married,6.0,0,3,1,0.0,Senior Manager,22264.0,0,0,No Product,0.018612668,No Product,True
36.0,Self Enquiry,3,15.0,Salaried,Female,4,4.0,Basic,3.0,Divorced,3.0,0,3,0,1.0,Executive,21250.0,0,0,No Product,2.6636588e-05,No Product,True
38.0,Company Invited,1,17.0,Small Business,Male,4,4.0,Standard,3.0,Married,8.0,0,3,1,3.0,Senior Manager,28726.0,1,1,Product Taken,0.90607655,Product Taken,True
29.0,Company Invited,3,26.0,Large Business,Female,2,3.0,Basic,3.0,Divorced,2.0,0,3,0,1.0,Executive,17157.0,0,0,No Product,0.023590956,No Product,True
42.0,Company Invited,1,9.0,Salaried,Fe Male,4,5.0,Deluxe,3.0,Unmarried,4.0,1,2,0,1.0,Manager,25489.0,0,0,No Product,0.00588591,No Product,True
36.0,Self Enquiry,1,12.0,Salaried,Male,2,5.0,Basic,3.0,Married,2.0,0,2,0,0.0,Executive,17741.0,0,0,No Product,0.06399527,No Product,True
22.0,Self Enquiry,3,19.0,Salaried,Female,3,2.0,Basic,4.0,Unmarried,3.0,0,5,0,2.0,Executive,21394.0,1,1,Product Taken,0.9206101,Product Taken,True
45.0,Self Enquiry,2,7.0,Salaried,Fe Male,3,5.0,Deluxe,3.0,Unmarried,6.0,0,5,1,2.0,Manager,24663.0,0,0,No Product,8.060163e-05,No Product,True
33.0,Self Enquiry,3,14.0,Salaried,Male,4,5.0,Deluxe,3.0,Divorced,3.0,0,3,1,3.0,Manager,24162.0,0,0,No Product,0.009214424,No Product,True
28.0,Self Enquiry,1,6.0,Large Business,Male,2,3.0,Basic,5.0,Single,3.0,0,4,0,0.0,Executive,17080.0,0,1,Product Taken,0.8186766,No Product,False
33.0,Self Enquiry,3,14.0,Small Business,Male,2,3.0,Deluxe,3.0,Married,1.0,0,2,1,1.0,Manager,22104.0,0,0,No Product,0.0041698366,No Product,True
42.0,Self Enquiry,3,14.0,Small Business,Male,2,3.0,Deluxe,4.0,Divorced,1.0,0,3,0,1.0,Manager,21825.0,0,0,No Product,0.0026992764,No Product,True
30.0,Self Enquiry,1,16.0,Salaried,Male,4,2.0,Basic,3.0,Married,8.0,0,5,1,1.0,Executive,21129.0,0,0,No Product,9.143128e-05,No Product,True
35.0,Self Enquiry,1,12.0,Small Business,Male,3,5.0,Deluxe,3.0,Married,3.0,0,4,1,2.0,Manager,22664.0,0,0,No Product,0.06024342,No Product,True
24.0,Self Enquiry,1,15.0,Small Business,Male,4,5.0,Basic,3.0,Unmarried,3.0,1,4,1,3.0,Executive,22667.0,1,1,Product Taken,0.96878177,Product Taken,True
35.0,Self Enquiry,1,10.0,Salaried,Female,4,4.0,Deluxe,4.0,Married,3.0,0,5,1,3.0,Manager,24111.0,0,0,No Product,0.02975463,No Product,True
43.0,Self Enquiry,3,21.0,Small Business,Fe Male,4,5.0,Deluxe,3.0,Unmarried,2.0,0,3,0,1.0,Manager,24922.0,0,0,No Product,0.13050397,No Product,True
35.0,Self Enquiry,3,9.0,Salaried,Male,3,4.0,Deluxe,3.0,Unmarried,3.0,0,5,0,2.0,Manager,24952.0,0,0,No Product,0.0033932643,No Product,True
31.0,Self Enquiry,3,12.0,Salaried,Male,3,5.0,Deluxe,3.0,Married,5.0,1,3,0,2.0,Manager,21172.0,1,1,Product Taken,0.8464001,Product Taken,True
29.0,Self Enquiry,3,9.0,Small Business,Female,3,4.0,Deluxe,4.0,Divorced,3.0,1,3,1,1.0,Manager,23457.0,0,0,No Product,0.008500077,No Product,True
50.0,Company Invited,2,9.0,Small Business,Male,3,3.0,King,4.0,Married,2.0,0,1,1,2.0,VP,33200.0,0,0,No Product,1.2284073e-06,No Product,True
41.0,Self Enquiry,1,15.0,Salaried,Male,3,3.0,Basic,5.0,Married,2.0,0,5,1,1.0,Executive,17289.0,0,0,No Product,0.05164183,No Product,True
38.0,Self Enquiry,3,6.0,Salaried,Fe Male,2,4.0,Deluxe,3.0,Unmarried,5.0,0,1,0,1.0,Manager,23686.0,0,0,No Product,0.001695383,No Product,True
33.0,Self Enquiry,1,15.0,Small Business,Male,2,3.0,Basic,3.0,Married,1.0,0,1,0,1.0,Executive,17781.0,0,0,No Product,5.5558765e-05,No Product,True
31.0,Self Enquiry,1,9.0,Small Business,Fe Male,3,5.0,Deluxe,3.0,Unmarried,7.0,1,1,1,2.0,Manager,25555.0,0,0,No Product,0.00021951844,No Product,True
35.0,Self Enquiry,1,10.0,Salaried,Male,3,3.0,Basic,3.0,Married,2.0,0,4,0,0.0,Executive,16951.0,0,0,No Product,0.0003083172,No Product,True
32.0,Company Invited,1,9.0,Salaried,Female,2,3.0,Basic,3.0,Single,2.0,0,4,1,0.0,Executive,21209.0,1,0,No Product,0.02123929,Product Taken,False
24.0,Self Enquiry,1,6.0,Small Business,Male,3,3.0,Basic,3.0,Divorced,3.0,1,3,1,2.0,Executive,17293.0,1,1,Product Taken,0.8070322,Product Taken,True
27.0,Company Invited,1,10.0,Large Business,Male,4,4.0,Basic,5.0,Unmarried,2.0,0,3,0,3.0,Executive,21780.0,1,1,Product Taken,0.6106369,Product Taken,True
48.0,Self Enquiry,1,9.0,Small Business,Female,4,4.0,Deluxe,3.0,Married,7.0,0,2,0,2.0,Manager,23748.0,0,0,No Product,0.00039435385,No Product,True
29.0,Self Enquiry,1,6.0,Large Business,Male,2,3.0,Basic,3.0,Single,1.0,0,2,0,0.0,Executive,17058.0,1,1,Product Taken,0.9425026,Product Taken,True
41.0,Company Invited,3,16.0,Salaried,Male,2,3.0,Deluxe,3.0,Single,1.0,0,2,0,1.0,Manager,21230.0,0,1,Product Taken,0.5580917,No Product,False
32.0,Self Enquiry,3,16.0,Small Business,Male,2,3.0,Deluxe,3.0,Single,2.0,0,4,1,1.0,Manager,20396.0,0,0,No Product,0.003975311,No Product,True
47.0,Company Invited,1,14.0,Small Business,Female,2,4.0,Deluxe,3.0,Married,4.0,0,5,1,1.0,Manager,23936.0,0,0,No Product,0.00064060837,No Product,True
40.0,Company Invited,1,11.0,Small Business,Fe Male,3,4.0,Deluxe,3.0,Unmarried,2.0,0,3,1,1.0,Manager,23720.0,0,0,No Product,0.00049955933,No Product,True
34.0,Company Invited,3,25.0,Small Business,Male,3,2.0,Deluxe,3.0,Single,1.0,1,2,1,2.0,Manager,20304.0,1,1,Product Taken,0.8765766,Product Taken,True
30.0,Self Enquiry,3,21.0,Small Business,Male,3,4.0,Standard,5.0,Married,3.0,0,1,0,2.0,Senior Manager,22140.0,0,0,No Product,0.25018552,No Product,True
35.0,Self Enquiry,1,16.0,Small Business,Fe Male,3,5.0,Standard,4.0,Unmarried,3.0,0,1,1,1.0,Senior Manager,27299.0,0,0,No Product,0.000104542094,No Product,True
34.0,Company Invited,1,9.0,Salaried,Male,2,4.0,Basic,3.0,Married,4.0,0,1,0,0.0,Executive,17979.0,0,0,No Product,8.568002e-05,No Product,True
37.0,Company Invited,3,27.0,Small Business,Female,2,3.0,Basic,3.0,Divorced,6.0,0,2,1,1.0,Executive,17973.0,0,0,No Product,0.0077959555,No Product,True
37.0,Self Enquiry,1,6.0,Large Business,Female,2,3.0,Standard,3.0,Unmarried,5.0,0,5,1,1.0,Senior Manager,22491.0,0,0,No Product,0.00013766122,No Product,True
40.0,Self Enquiry,1,6.0,Salaried,Male,2,3.0,Basic,4.0,Divorced,4.0,0,1,1,1.0,Executive,17387.0,0,0,No Product,0.00095638965,No Product,True
34.0,Company Invited,1,6.0,Salaried,Male,3,3.0,Basic,5.0,Married,6.0,0,1,1,2.0,Executive,17996.0,0,0,No Product,0.011047916,No Product,True
27.0,Self Enquiry,1,8.0,Salaried,Female,2,3.0,Basic,5.0,Married,2.0,0,3,0,1.0,Executive,17341.0,0,1,Product Taken,0.53076524,No Product,False
61.0,Company Invited,3,35.0,Small Business,Female,4,5.0,Standard,5.0,Divorced,6.0,0,2,1,1.0,Senior Manager,28944.0,0,0,No Product,0.0012877971,No Product,True
35.0,Self Enquiry,1,9.0,Salaried,Male,3,5.0,Deluxe,5.0,Married,8.0,0,4,0,2.0,Manager,24635.0,0,0,No Product,0.030905508,No Product,True
30.0,Self Enquiry,3,16.0,Small Business,Male,3,4.0,Deluxe,3.0,Married,2.0,0,1,0,1.0,Manager,21578.0,0,0,No Product,0.0010778646,No Product,True
42.0,Company Invited,2,11.0,Salaried,Male,3,6.0,Deluxe,4.0,Married,8.0,0,5,0,2.0,Manager,25108.0,0,0,No Product,0.04669323,No Product,True
20.0,Self Enquiry,3,12.0,Salaried,Male,4,4.0,Standard,4.0,Unmarried,2.0,1,4,1,1.0,Senior Manager,21672.0,1,1,Product Taken,0.9556372,Product Taken,True
53.0,Self Enquiry,1,9.0,Small Business,Male,2,3.0,Super Deluxe,3.0,Divorced,4.0,1,5,0,0.0,AVP,32584.0,0,0,No Product,5.8669706e-05,No Product,True
56.0,Company Invited,1,9.0,Salaried,Male,4,4.0,Standard,4.0,Married,5.0,0,1,0,2.0,Senior Manager,29654.0,0,0,No Product,0.0108900275,No Product,True
32.0,Self Enquiry,1,31.0,Salaried,Male,2,3.0,Basic,3.0,Single,2.0,1,5,0,0.0,Executive,17795.0,1,1,Product Taken,0.90638876,Product Taken,True
27.0,Self Enquiry,3,15.0,Large Business,Male,3,5.0,Deluxe,5.0,Unmarried,8.0,0,3,1,2.0,Manager,24004.0,1,1,Product Taken,0.89747256,Product Taken,True
28.0,Self Enquiry,1,21.0,Salaried,Male,2,3.0,Basic,3.0,Married,2.0,0,4,1,1.0,Executive,17207.0,0,0,No Product,0.001451037,No Product,True
43.0,Self Enquiry,1,13.0,Salaried,Female,2,3.0,Standard,5.0,Married,1.0,0,5,1,0.0,Senior Manager,24985.0,0,0,No Product,0.0033637863,No Product,True
52.0,Self Enquiry,1,10.0,Salaried,Female,1,3.0,Super Deluxe,3.0,Divorced,3.0,0,5,1,0.0,AVP,31555.0,0,0,No Product,9.73708e-07,No Product,True
36.0,Self Enquiry,1,11.0,Salaried,Male,4,4.0,Basic,3.0,Married,3.0,0,4,1,2.0,Executive,20629.0,0,0,No Product,0.0016282654,No Product,True
37.0,Self Enquiry,1,13.0,Salaried,Male,3,6.0,Basic,3.0,Married,3.0,0,1,1,1.0,Executive,21419.0,0,0,No Product,0.058140222,No Product,True
37.0,Company Invited,3,14.0,Small Business,Female,3,2.0,Deluxe,5.0,Divorced,4.0,0,1,1,1.0,Manager,23317.0,0,0,No Product,4.9719798e-05,No Product,True
43.0,Company Invited,1,33.0,Salaried,Female,2,3.0,Standard,5.0,Married,1.0,0,4,1,0.0,Senior Manager,25820.0,0,0,No Product,0.08215238,No Product,True
31.0,Self Enquiry,3,14.0,Salaried,Male,2,3.0,Standard,3.0,Married,2.0,0,3,1,0.0,Senior Manager,25793.0,0,0,No Product,0.003319779,No Product,True
31.0,Self Enquiry,1,17.0,Small Business,Male,3,3.0,Deluxe,5.0,Married,2.0,1,1,1,1.0,Manager,21833.0,0,0,No Product,0.0025292146,No Product,True
36.0,Company Invited,1,12.0,Salaried,Male,3,1.0,Deluxe,5.0,Married,4.0,1,4,1,1.0,Manager,20562.0,0,0,No Product,0.003668042,No Product,True
31.0,Self Enquiry,2,16.0,Salaried,Male,3,4.0,Deluxe,3.0,Married,2.0,1,3,1,2.0,Manager,25025.0,0,0,No Product,0.009682732,No Product,True
33.0,Self Enquiry,1,20.0,Small Business,Female,3,3.0,Basic,4.0,Divorced,2.0,0,5,0,0.0,Executive,17756.0,0,0,No Product,0.004517834,No Product,True
37.0,Company Invited,1,25.0,Small Business,Female,4,4.0,Basic,3.0,Single,3.0,0,3,1,3.0,Executive,20831.0,0,0,No Product,0.0035626243,No Product,True
30.0,Self Enquiry,3,10.0,Small Business,Female,4,4.0,Deluxe,3.0,Married,3.0,0,1,0,1.0,Manager,24239.0,0,0,No Product,6.5398704e-06,No Product,True
29.0,Self Enquiry,1,9.0,Small Business,Male,3,4.0,Basic,3.0,Unmarried,8.0,0,3,1,2.0,Executive,23060.0,1,0,No Product,0.0015914381,Product Taken,False
28.0,Self Enquiry,1,9.0,Salaried,Female,3,4.0,Deluxe,3.0,Divorced,2.0,0,5,0,2.0,Manager,22905.0,0,0,No Product,0.013360414,No Product,True
49.0,Self Enquiry,1,24.0,Salaried,Male,2,4.0,King,3.0,Married,2.0,1,3,1,0.0,VP,34502.0,0,0,No Product,0.45582515,No Product,True
45.0,Company Invited,1,6.0,Salaried,Male,3,4.0,Standard,3.0,Married,4.0,0,1,1,2.0,Senior Manager,25748.0,0,0,No Product,0.012497799,No Product,True
22.0,Company Invited,1,17.0,Salaried,Female,3,5.0,Basic,3.0,Unmarried,3.0,0,4,1,1.0,Executive,21303.0,1,1,Product Taken,0.71058625,Product Taken,True
58.0,Company Invited,3,8.0,Small Business,Male,2,3.0,Super Deluxe,4.0,Married,5.0,0,4,1,0.0,AVP,17705.0,0,0,No Product,0.005943542,No Product,True
20.0,Self Enquiry,1,6.0,Salaried,Female,2,4.0,Basic,4.0,Single,2.0,0,4,0,1.0,Executive,17836.0,0,1,Product Taken,0.8552475,No Product,False
21.0,Company Invited,3,6.0,Large Business,Female,2,4.0,Basic,4.0,Single,2.0,1,5,1,1.0,Executive,17174.0,1,1,Product Taken,0.98737127,Product Taken,True
34.0,Self Enquiry,3,19.0,Small Business,Male,2,3.0,Standard,3.0,Married,2.0,0,1,1,1.0,Senior Manager,23628.0,0,0,No Product,0.03630369,No Product,True
19.0,Company Invited,1,21.0,Small Business,Female,3,4.0,Basic,3.0,Single,3.0,0,5,1,1.0,Executive,20192.0,0,1,Product Taken,0.8735459,No Product,False
34.0,Self Enquiry,1,15.0,Small Business,Fe Male,2,4.0,Standard,4.0,Unmarried,2.0,0,2,1,1.0,Senior Manager,23621.0,0,0,No Product,7.008331e-05,No Product,True
33.0,Self Enquiry,3,13.0,Small Business,Male,3,4.0,Deluxe,3.0,Unmarried,3.0,0,5,1,1.0,Manager,23688.0,0,0,No Product,0.0002467407,No Product,True
31.0,Self Enquiry,3,11.0,Small Business,Female,4,5.0,Deluxe,4.0,Married,3.0,1,3,1,2.0,Manager,23887.0,0,0,No Product,0.0015332483,No Product,True
47.0,Self Enquiry,3,7.0,Small Business,Female,4,4.0,Standard,5.0,Married,3.0,0,1,1,3.0,Senior Manager,29131.0,0,0,No Product,0.00029848813,No Product,True
41.0,Self Enquiry,1,8.0,Salaried,Female,2,5.0,Basic,3.0,Married,5.0,1,3,0,0.0,Executive,17778.0,1,0,No Product,0.1956953,Product Taken,False
27.0,Self Enquiry,3,30.0,Small Business,Female,3,5.0,Deluxe,3.0,Married,2.0,1,1,0,1.0,Manager,22835.0,0,0,No Product,0.057607036,No Product,True
36.0,Self Enquiry,1,8.0,Salaried,Female,3,3.0,Basic,3.0,Married,5.0,0,5,1,0.0,Executive,17543.0,0,0,No Product,2.5572317e-05,No Product,True
36.0,Self Enquiry,3,7.0,Small Business,Male,3,5.0,Deluxe,5.0,Unmarried,2.0,0,2,0,2.0,Manager,22990.0,0,1,Product Taken,0.52208954,No Product,False
41.0,Company Invited,3,9.0,Small Business,Male,4,4.0,Deluxe,4.0,Married,7.0,0,4,1,2.0,Manager,23005.0,0,0,No Product,0.030365046,No Product,True
34.0,Self Enquiry,1,12.0,Salaried,Female,4,5.0,Basic,3.0,Divorced,3.0,0,2,0,3.0,Executive,21589.0,0,0,No Product,0.008789922,No Product,True
32.0,Self Enquiry,1,18.0,Small Business,Male,4,4.0,Deluxe,5.0,Married,3.0,1,1,1,2.0,Manager,25511.0,0,0,No Product,0.005984035,No Product,True
36.0,Self Enquiry,1,12.0,Large Business,Male,4,4.0,Standard,4.0,Unmarried,2.0,0,3,0,1.0,Senior Manager,26773.0,0,0,No Product,0.12605372,No Product,True
42.0,Company Invited,1,12.0,Salaried,Male,4,5.0,Basic,5.0,Married,8.0,0,3,0,2.0,Executive,20785.0,1,1,Product Taken,0.57201475,Product Taken,True
45.0,Company Invited,3,15.0,Salaried,Female,3,4.0,Deluxe,3.0,Married,2.0,0,3,1,2.0,Manager,20593.0,0,0,No Product,0.021090597,No Product,True
50.0,Self Enquiry,1,30.0,Salaried,Male,3,3.0,Super Deluxe,3.0,Married,4.0,1,4,1,2.0,AVP,28973.0,0,0,No Product,0.00431021,No Product,True
46.0,Self Enquiry,3,8.0,Small Business,Female,2,3.0,King,5.0,Single,4.0,0,1,1,1.0,VP,33947.0,0,0,No Product,6.24444e-05,No Product,True
53.0,Self Enquiry,3,8.0,Salaried,Female,3,4.0,Super Deluxe,3.0,Married,3.0,0,3,0,0.0,AVP,30427.0,0,0,No Product,5.1388615e-06,No Product,True
33.0,Self Enquiry,1,32.0,Salaried,Male,3,4.0,Basic,3.0,Unmarried,3.0,1,5,0,1.0,Executive,21473.0,1,1,Product Taken,0.692495,Product Taken,True
49.0,Self Enquiry,3,14.0,Large Business,Male,2,4.0,Super Deluxe,4.0,Divorced,7.0,0,4,1,0.0,AVP,28120.0,0,0,No Product,0.17419204,No Product,True
30.0,Company Invited,1,9.0,Salaried,Male,3,4.0,Deluxe,3.0,Married,3.0,0,3,0,1.0,Manager,27531.0,0,0,No Product,0.0010481006,No Product,True
50.0,Self Enquiry,1,27.0,Small Business,Female,4,4.0,Deluxe,5.0,Married,3.0,0,1,1,1.0,Manager,25245.0,0,0,No Product,0.23068541,No Product,True
35.0,Company Invited,3,11.0,Small Business,Female,4,4.0,Deluxe,3.0,Divorced,2.0,0,2,1,1.0,Manager,25216.0,0,0,No Product,8.753128e-05,No Product,True
51.0,Company Invited,3,7.0,Salaried,Female,4,4.0,Deluxe,3.0,Divorced,2.0,0,2,1,2.0,Manager,25025.0,0,0,No Product,0.005859158,No Product,True
31.0,Company Invited,3,33.0,Small Business,Fe Male,3,5.0,Deluxe,5.0,Unmarried,7.0,0,1,1,2.0,Manager,25374.0,1,0,No Product,0.22644216,Product Taken,False
36.0,Self Enquiry,1,16.0,Small Business,Male,3,4.0,Deluxe,3.0,Unmarried,3.0,0,4,0,2.0,Manager,23776.0,0,0,No Product,0.006423887,No Product,True
36.0,Self Enquiry,1,12.0,Salaried,Male,2,5.0,Basic,3.0,Married,2.0,0,1,1,0.0,Executive,17741.0,0,0,No Product,0.040052205,No Product,True
31.0,Self Enquiry,3,36.0,Salaried,Male,4,4.0,Deluxe,5.0,Married,2.0,0,2,1,2.0,Manager,22793.0,0,0,No Product,0.019544303,No Product,True
33.0,Company Invited,1,9.0,Salaried,Female,2,3.0,Basic,3.0,Married,2.0,1,1,1,1.0,Executive,17909.0,0,0,No Product,0.0029318286,No Product,True
31.0,Self Enquiry,3,13.0,Small Business,Male,3,3.0,Deluxe,3.0,Married,5.0,0,2,0,0.0,Manager,22547.0,0,0,No Product,0.0011223113,No Product,True
30.0,Self Enquiry,1,34.0,Small Business,Female,4,4.0,Deluxe,3.0,Married,6.0,0,1,0,2.0,Manager,23013.0,0,0,No Product,0.0035859768,No Product,True
22.0,Self Enquiry,3,12.0,Small Business,Male,3,4.0,Basic,5.0,Single,3.0,1,1,1,1.0,Executive,21058.0,0,1,Product Taken,0.94997364,No Product,False
44.0,Company Invited,1,17.0,Salaried,Female,3,5.0,Deluxe,3.0,Married,3.0,0,3,1,1.0,Manager,23935.0,0,0,No Product,0.00029676914,No Product,True
45.0,Company Invited,1,9.0,Small Business,Male,3,4.0,Standard,3.0,Single,7.0,1,1,0,2.0,Senior Manager,28887.0,0,0,No Product,0.46029398,No Product,True
44.0,Self Enquiry,1,9.0,Small Business,Female,4,2.0,Basic,3.0,Married,3.0,0,1,1,3.0,Executive,21323.0,0,0,No Product,0.00015640802,No Product,True
35.0,Company Invited,3,8.0,Salaried,Female,3,6.0,Basic,3.0,Unmarried,3.0,0,3,0,2.0,Executive,23122.0,1,1,Product Taken,0.8810796,Product Taken,True
51.0,Self Enquiry,1,8.0,Small Business,Male,2,5.0,Deluxe,4.0,Married,6.0,0,2,0,0.0,Manager,20482.0,0,0,No Product,0.023606516,No Product,True
42.0,Company Invited,1,7.0,Salaried,Female,3,1.0,Standard,4.0,Single,2.0,0,3,1,0.0,Senior Manager,17372.0,1,1,Product Taken,0.9377497,Product Taken,True
55.0,Company Invited,1,8.0,Salaried,Male,3,3.0,Standard,4.0,Married,4.0,0,1,0,1.0,Senior Manager,25976.0,0,0,No Product,0.02256278,No Product,True
46.0,Self Enquiry,1,8.0,Small Business,Male,2,3.0,King,3.0,Married,1.0,1,1,1,1.0,VP,34328.0,0,0,No Product,0.00034401318,No Product,True
38.0,Self Enquiry,1,10.0,Salaried,Female,3,4.0,Deluxe,4.0,Unmarried,5.0,0,4,1,1.0,Manager,22785.0,0,0,No Product,0.0016139256,No Product,True
29.0,Self Enquiry,1,9.0,Small Business,Male,3,4.0,Basic,3.0,Unmarried,8.0,0,3,0,1.0,Executive,23060.0,1,0,No Product,6.4498774e-05,Product Taken,False
43.0,Self Enquiry,3,7.0,Salaried,Male,3,4.0,Deluxe,3.0,Divorced,3.0,0,3,1,1.0,Manager,23585.0,0,0,No Product,0.007187574,No Product,True
35.0,Self Enquiry,3,15.0,Salaried,Female,4,4.0,Deluxe,5.0,Married,7.0,0,1,1,3.0,Manager,25178.0,0,0,No Product,0.056612752,No Product,True
21.0,Company Invited,3,24.0,Small Business,Female,3,3.0,Deluxe,3.0,Married,1.0,1,5,0,1.0,Manager,17625.0,1,1,Product Taken,0.97247314,Product Taken,True
32.0,Self Enquiry,1,8.0,Large Business,Male,3,3.0,Basic,5.0,Single,2.0,0,1,1,1.0,Executive,17439.0,0,0,No Product,0.046515837,No Product,True
34.0,Self Enquiry,1,6.0,Salaried,Female,2,4.0,Basic,4.0,Divorced,6.0,0,1,1,1.0,Executive,18294.0,0,0,No Product,0.0053138197,No Product,True
55.0,Self Enquiry,1,14.0,Small Business,Female,4,4.0,Deluxe,3.0,Married,6.0,0,3,1,2.0,Manager,25532.0,0,0,No Product,0.2797126,No Product,True
29.0,Self Enquiry,1,6.0,Salaried,Female,2,4.0,Basic,5.0,Married,2.0,1,1,0,0.0,Executive,17319.0,1,0,No Product,0.30076164,Product Taken,False
37.0,Self Enquiry,3,23.0,Small Business,Female,4,5.0,Deluxe,5.0,Divorced,6.0,0,5,1,1.0,Manager,24325.0,0,0,No Product,0.011336101,No Product,True
33.0,Self Enquiry,1,8.0,Small Business,Male,3,3.0,Basic,3.0,Single,5.0,0,3,1,2.0,Executive,17496.0,0,0,No Product,0.0019746067,No Product,True
30.0,Self Enquiry,1,8.0,Small Business,Female,2,4.0,Deluxe,3.0,Unmarried,6.0,1,2,1,1.0,Manager,21877.0,0,0,No Product,0.0009239674,No Product,True
39.0,Company Invited,1,8.0,Salaried,Male,2,3.0,Super Deluxe,3.0,Married,1.0,0,3,1,0.0,AVP,27169.0,1,0,No Product,0.00013185655,Product Taken,False
34.0,Self Enquiry,1,17.0,Small Business,Male,3,6.0,Basic,3.0,Married,2.0,0,5,0,1.0,Executive,22086.0,1,0,No Product,0.010741183,Product Taken,False
39.0,Company Invited,2,9.0,Salaried,Male,4,4.0,Basic,4.0,Married,7.0,0,3,1,3.0,Executive,21270.0,0,0,No Product,0.10155784,No Product,True
36.0,Self Enquiry,3,24.0,Salaried,Male,4,4.0,Deluxe,5.0,Divorced,5.0,1,3,1,2.0,Manager,27644.0,0,0,No Product,0.08825972,No Product,True
33.0,Self Enquiry,1,13.0,Salaried,Male,3,4.0,Basic,3.0,Unmarried,5.0,0,1,0,2.0,Executive,21716.0,0,0,No Product,4.4204313e-05,No Product,True
34.0,Company Invited,1,7.0,Small Business,Male,3,4.0,Deluxe,5.0,Single,1.0,0,1,0,0.0,Manager,20343.0,0,0,No Product,0.0033658766,No Product,True
40.0,Self Enquiry,1,22.0,Salaried,Female,2,3.0,Standard,3.0,Unmarried,7.0,1,4,1,0.0,Senior Manager,22945.0,0,0,No Product,0.0023046257,No Product,True
44.0,Self Enquiry,1,8.0,Salaried,Female,3,1.0,Standard,3.0,Married,2.0,1,4,1,0.0,Senior Manager,22879.0,0,0,No Product,0.0041239373,No Product,True
35.0,Self Enquiry,1,11.0,Large Business,Male,3,3.0,Standard,4.0,Unmarried,1.0,0,3,0,0.0,Senior Manager,23095.0,0,0,No Product,0.2313383,No Product,True
43.0,Company Invited,1,17.0,Large Business,Male,3,4.0,Basic,3.0,Married,5.0,0,4,1,1.0,Executive,21614.0,0,0,No Product,0.122114085,No Product,True
40.0,Company Invited,1,6.0,Salaried,Male,3,4.0,Super Deluxe,4.0,Divorced,2.0,0,2,1,2.0,AVP,28503.0,0,0,No Product,2.9178973e-06,No Product,True
39.0,Self Enquiry,1,9.0,Small Business,Male,3,4.0,Deluxe,4.0,Married,6.0,0,4,0,1.0,Manager,23533.0,1,0,No Product,0.13220498,Product Taken,False
47.0,Self Enquiry,1,14.0,Small Business,Male,4,4.0,Standard,3.0,Married,8.0,0,1,1,2.0,Senior Manager,29523.0,0,0,No Product,0.006272987,No Product,True
55.0,Self Enquiry,1,14.0,Small Business,Female,2,3.0,Super Deluxe,3.0,Married,3.0,1,3,1,1.0,AVP,29756.0,0,0,No Product,3.9090333e-05,No Product,True
59.0,Self Enquiry,1,9.0,Large Business,Female,4,5.0,Standard,3.0,Married,2.0,0,5,0,1.0,Senior Manager,21050.0,1,1,Product Taken,0.9803243,Product Taken,True
43.0,Company Invited,1,9.0,Small Business,Male,3,4.0,Basic,3.0,Single,7.0,1,2,0,2.0,Executive,21193.0,0,0,No Product,0.024410984,No Product,True
50.0,Self Enquiry,1,8.0,Small Business,Male,3,3.0,King,3.0,Divorced,3.0,1,2,1,1.0,VP,34237.0,0,0,No Product,0.0037841327,No Product,True
19.0,Company Invited,3,6.0,Large Business,Female,3,5.0,Basic,5.0,Single,1.0,0,3,1,0.0,Executive,17325.0,1,1,Product Taken,0.97581154,Product Taken,True
47.0,Company Invited,3,15.0,Salaried,Male,2,5.0,Super Deluxe,3.0,Married,1.0,0,5,1,1.0,AVP,27936.0,1,1,Product Taken,0.93652254,Product Taken,True
43.0,Self Enquiry,1,10.0,Salaried,Female,4,2.0,Deluxe,3.0,Divorced,4.0,1,5,0,1.0,Manager,23909.0,0,0,No Product,0.0154468445,No Product,True
27.0,Company Invited,3,26.0,Salaried,Fe Male,2,3.0,Deluxe,3.0,Unmarried,2.0,0,1,1,1.0,Manager,24981.0,0,0,No Product,0.0019790856,No Product,True
36.0,Self Enquiry,3,23.0,Small Business,Male,4,4.0,Standard,4.0,Divorced,2.0,0,2,1,3.0,Senior Manager,26698.0,0,0,No Product,0.009911263,No Product,True
38.0,Self Enquiry,1,24.0,Small Business,Male,2,5.0,Deluxe,3.0,Married,4.0,1,5,0,1.0,Manager,20811.0,0,0,No Product,0.033533804,No Product,True
43.0,Self Enquiry,1,9.0,Small Business,Male,4,5.0,Basic,4.0,Married,6.0,0,1,1,3.0,Executive,23519.0,0,0,No Product,0.01077827,No Product,True
29.0,Company Invited,1,20.0,Salaried,Female,2,3.0,Standard,3.0,Unmarried,1.0,1,5,1,0.0,Senior Manager,22553.0,1,1,Product Taken,0.9750516,Product Taken,True
31.0,Self Enquiry,1,29.0,Small Business,Male,3,4.0,Deluxe,3.0,Married,1.0,0,3,0,1.0,Manager,20582.0,0,0,No Product,0.005759995,No Product,True
35.0,Self Enquiry,1,13.0,Salaried,Female,3,4.0,Deluxe,3.0,Unmarried,3.0,0,3,0,1.0,Manager,23487.0,0,0,No Product,0.001831486,No Product,True
18.0,Company Invited,3,11.0,Small Business,Male,3,3.0,Basic,4.0,Single,2.0,1,4,1,2.0,Executive,16878.0,1,1,Product Taken,0.9753251,Product Taken,True
32.0,Self Enquiry,1,7.0,Salaried,Male,4,5.0,Basic,5.0,Married,3.0,0,4,1,2.0,Executive,20896.0,0,0,No Product,0.100128494,No Product,True
41.0,Company Invited,1,28.0,Salaried,Female,3,3.0,Deluxe,3.0,Married,4.0,1,5,0,0.0,Manager,20467.0,0,0,No Product,0.32889494,No Product,True
33.0,Company Invited,1,7.0,Salaried,Male,4,4.0,Basic,3.0,Married,2.0,0,5,1,1.0,Executive,20992.0,0,0,No Product,0.0016278656,No Product,True
29.0,Self Enquiry,1,8.0,Salaried,Male,3,3.0,Basic,4.0,Married,1.0,0,4,1,0.0,Executive,17703.0,0,0,No Product,0.0050884103,No Product,True
47.0,Self Enquiry,1,8.0,Salaried,Female,2,3.0,Super Deluxe,3.0,Divorced,2.0,1,4,1,0.0,AVP,31752.0,0,0,No Product,5.695357e-05,No Product,True
38.0,Self Enquiry,3,16.0,Small Business,Male,3,4.0,Standard,3.0,Married,1.0,1,3,1,1.0,Senior Manager,23740.0,0,0,No Product,0.21055563,No Product,True
46.0,Company Invited,3,33.0,Small Business,Male,3,5.0,Deluxe,5.0,Married,3.0,0,3,0,1.0,Manager,23063.0,0,0,No Product,0.023743065,No Product,True
45.0,Self Enquiry,1,34.0,Large Business,Male,3,3.0,Basic,3.0,Married,5.0,0,3,1,2.0,Executive,17132.0,0,0,No Product,0.010900521,No Product,True
37.0,Company Invited,1,15.0,Salaried,Female,4,2.0,Standard,5.0,Married,2.0,0,3,0,2.0,Senior Manager,30391.0,0,0,No Product,0.009954344,No Product,True
35.0,Self Enquiry,1,24.0,Salaried,Male,2,1.0,Deluxe,5.0,Married,2.0,0,3,0,1.0,Manager,20208.0,0,0,No Product,0.007956017,No Product,True
53.0,Self Enquiry,1,11.0,Salaried,Female,2,3.0,King,3.0,Married,5.0,0,4,1,0.0,VP,34094.0,0,0,No Product,3.3909387e-06,No Product,True
27.0,Self Enquiry,2,27.0,Small Business,Female,4,4.0,Basic,4.0,Married,2.0,1,3,0,2.0,Executive,20826.0,1,1,Product Taken,0.939784,Product Taken,True
43.0,Company Invited,1,26.0,Small Business,Male,3,2.0,Basic,3.0,Married,8.0,1,3,0,1.0,Executive,21437.0,1,0,No Product,0.39685774,Product Taken,False
25.0,Self Enquiry,3,10.0,Salaried,Female,4,4.0,Deluxe,3.0,Unmarried,2.0,0,2,1,1.0,Manager,23255.0,1,0,No Product,0.0004714804,Product Taken,False
30.0,Self Enquiry,3,30.0,Salaried,Female,3,5.0,Standard,5.0,Married,3.0,0,3,1,2.0,Senior Manager,26014.0,1,1,Product Taken,0.58775795,Product Taken,True
32.0,Company Invited,1,11.0,Salaried,Female,2,1.0,Basic,3.0,Single,4.0,1,1,0,1.0,Executive,17432.0,1,0,No Product,0.13417992,Product Taken,False
41.0,Self Enquiry,3,12.0,Salaried,Female,3,3.0,Standard,3.0,Single,4.0,1,1,0,0.0,Senior Manager,28591.0,0,0,No Product,0.042152707,No Product,True
39.0,Self Enquiry,3,16.0,Small Business,Male,4,5.0,Basic,4.0,Divorced,2.0,0,4,0,1.0,Executive,21577.0,0,0,No Product,0.009287948,No Product,True
30.0,Self Enquiry,1,7.0,Salaried,Male,3,4.0,Deluxe,5.0,Married,2.0,0,3,1,1.0,Manager,24051.0,0,0,No Product,0.012852319,No Product,True
36.0,Self Enquiry,3,7.0,Small Business,Fe Male,4,4.0,Deluxe,3.0,Unmarried,3.0,0,4,1,1.0,Manager,23537.0,0,0,No Product,0.0007157985,No Product,True
37.0,Self Enquiry,1,33.0,Salaried,Male,4,4.0,Deluxe,3.0,Married,8.0,0,3,1,1.0,Manager,24025.0,0,0,No Product,0.0036219233,No Product,True
31.0,Self Enquiry,1,7.0,Small Business,Male,4,4.0,Basic,4.0,Divorced,2.0,1,4,1,3.0,Executive,22257.0,0,1,Product Taken,0.84256303,No Product,False
21.0,Self Enquiry,1,6.0,Large Business,Female,3,4.0,Basic,4.0,Single,2.0,1,5,1,1.0,Executive,17070.0,0,1,Product Taken,0.5974251,No Product,False
37.0,Self Enquiry,1,8.0,Free Lancer,Male,3,4.0,Basic,3.0,Single,7.0,1,3,0,0.0,Executive,17090.0,1,1,Product Taken,0.8308399,Product Taken,True
33.0,Self Enquiry,1,14.0,Salaried,Male,2,1.0,Basic,5.0,Married,7.0,0,3,1,1.0,Executive,18143.0,0,0,No Product,0.31319755,No Product,True
37.0,Self Enquiry,3,8.0,Small Business,Male,3,3.0,Deluxe,3.0,Divorced,5.0,1,3,0,1.0,Manager,24602.0,0,0,No Product,0.01639308,No Product,True
33.0,Self Enquiry,3,16.0,Small Business,Male,2,1.0,Standard,3.0,Married,1.0,1,4,1,1.0,Senior Manager,23380.0,0,0,No Product,0.15916213,No Product,True
41.0,Self Enquiry,3,9.0,Salaried,Male,2,4.0,Deluxe,4.0,Married,3.0,0,3,0,1.0,Manager,23938.0,0,0,No Product,0.006018011,No Product,True
54.0,Self Enquiry,1,23.0,Large Business,Female,2,3.0,Standard,3.0,Married,1.0,0,5,0,0.0,Senior Manager,25739.0,0,0,No Product,0.08850205,No Product,True
36.0,Self Enquiry,2,19.0,Salaried,Male,2,3.0,Basic,4.0,Married,5.0,0,3,1,1.0,Executive,17143.0,0,0,No Product,0.080728844,No Product,True
39.0,Self Enquiry,1,6.0,Salaried,Female,3,4.0,Super Deluxe,3.0,Divorced,2.0,0,3,0,1.0,AVP,27742.0,0,0,No Product,1.0614644e-05,No Product,True
59.0,Self Enquiry,1,24.0,Small Business,Male,3,3.0,Standard,3.0,Unmarried,7.0,0,3,1,1.0,Senior Manager,25512.0,0,0,No Product,0.0010702524,No Product,True
19.0,Self Enquiry,3,27.0,Salaried,Male,2,4.0,Basic,4.0,Single,2.0,1,2,0,1.0,Executive,17121.0,1,1,Product Taken,0.9808424,Product Taken,True
33.0,Company Invited,1,10.0,Salaried,Fe Male,3,4.0,Basic,3.0,Unmarried,3.0,0,4,1,1.0,Executive,24887.0,1,0,No Product,0.03823834,Product Taken,False
40.0,Self Enquiry,3,11.0,Salaried,Female,3,5.0,Deluxe,3.0,Divorced,6.0,0,5,1,1.0,Manager,24580.0,0,0,No Product,0.00036606778,No Product,True
41.0,Self Enquiry,3,23.0,Small Business,Male,4,4.0,Standard,3.0,Married,4.0,0,5,0,2.0,Senior Manager,22222.0,1,0,No Product,0.06960182,Product Taken,False
21.0,Self Enquiry,3,16.0,Salaried,Male,3,4.0,Basic,5.0,Unmarried,3.0,0,1,0,2.0,Executive,21406.0,0,1,Product Taken,0.7596439,No Product,False
33.0,Self Enquiry,3,7.0,Salaried,Male,3,6.0,Deluxe,4.0,Unmarried,8.0,0,3,0,2.0,Manager,25413.0,1,1,Product Taken,0.8563387,Product Taken,True
23.0,Self Enquiry,1,32.0,Salaried,Male,2,3.0,Basic,3.0,Married,2.0,0,2,1,1.0,Executive,17904.0,0,0,No Product,0.019200003,No Product,True
52.0,Self Enquiry,1,10.0,Large Business,Female,3,4.0,Standard,3.0,Married,4.0,0,4,1,2.0,Senior Manager,31794.0,0,0,No Product,0.0018012617,No Product,True
28.0,Company Invited,3,10.0,Small Business,Female,4,2.0,Deluxe,3.0,Married,3.0,1,1,1,1.0,Manager,23325.0,0,0,No Product,0.00013145307,No Product,True
38.0,Company Invited,2,16.0,Salaried,Male,3,3.0,Deluxe,3.0,Married,4.0,0,3,0,2.0,Manager,21077.0,0,0,No Product,0.010314887,No Product,True
38.0,Company Invited,1,7.0,Small Business,Female,4,4.0,Standard,3.0,Married,4.0,1,3,0,1.0,Senior Manager,32281.0,0,0,No Product,6.639467e-05,No Product,True
28.0,Company Invited,1,15.0,Salaried,Male,3,6.0,Basic,3.0,Divorced,3.0,0,2,1,2.0,Executive,23299.0,0,0,No Product,0.0024077971,No Product,True
31.0,Company Invited,3,32.0,Large Business,Female,3,4.0,Deluxe,3.0,Married,2.0,1,3,1,2.0,Manager,23414.0,0,0,No Product,0.009980078,No Product,True
45.0,Self Enquiry,1,11.0,Small Business,Male,3,4.0,Deluxe,4.0,Unmarried,2.0,0,1,1,2.0,Manager,24611.0,0,0,No Product,0.0035109096,No Product,True
31.0,Company Invited,1,7.0,Salaried,Male,3,5.0,Standard,3.0,Unmarried,3.0,0,5,1,2.0,Senior Manager,27152.0,0,0,No Product,0.05134536,No Product,True
31.0,Self Enquiry,3,13.0,Large Business,Male,3,2.0,Deluxe,3.0,Divorced,5.0,0,2,1,0.0,Manager,21929.0,0,0,No Product,0.0010405702,No Product,True
55.0,Self Enquiry,1,8.0,Salaried,Female,3,3.0,Super Deluxe,3.0,Single,3.0,1,5,0,0.0,AVP,31659.0,0,0,No Product,0.0017089525,No Product,True
30.0,Self Enquiry,3,17.0,Salaried,Male,3,4.0,Basic,3.0,Unmarried,3.0,0,4,0,1.0,Executive,21320.0,0,0,No Product,0.090180814,No Product,True
40.0,Self Enquiry,1,14.0,Salaried,Female,3,3.0,Deluxe,5.0,Married,3.0,1,1,0,0.0,Manager,21516.0,0,0,No Product,0.00015415245,No Product,True
34.0,Self Enquiry,1,8.0,Large Business,Female,3,3.0,Deluxe,3.0,Unmarried,2.0,0,5,1,1.0,Manager,21687.0,0,0,No Product,0.0016944793,No Product,True
50.0,Company Invited,1,6.0,Salaried,Female,3,3.0,King,4.0,Married,4.0,1,1,0,2.0,VP,33172.0,0,0,No Product,0.00019010235,No Product,True
23.0,Self Enquiry,1,18.0,Small Business,Female,3,4.0,Basic,4.0,Married,3.0,0,1,1,2.0,Executive,20922.0,0,0,No Product,0.014907107,No Product,True
25.0,Company Invited,1,11.0,Salaried,Male,3,5.0,Basic,3.0,Divorced,2.0,0,3,0,1.0,Executive,21840.0,0,0,No Product,0.0056714537,No Product,True
45.0,Self Enquiry,2,7.0,Small Business,Male,4,5.0,Standard,5.0,Divorced,2.0,0,4,1,1.0,Senior Manager,29160.0,1,0,No Product,0.43903786,Product Taken,False
27.0,Self Enquiry,1,32.0,Salaried,Male,3,6.0,Basic,3.0,Single,3.0,0,2,1,2.0,Executive,20971.0,1,0,No Product,0.32858828,Product Taken,False
32.0,Company Invited,1,7.0,Salaried,Female,4,4.0,Deluxe,5.0,Married,3.0,0,5,1,1.0,Manager,22826.0,0,0,No Product,0.013144915,No Product,True
56.0,Self Enquiry,1,15.0,Small Business,Female,3,4.0,Super Deluxe,3.0,Married,4.0,1,3,0,2.0,AVP,33434.0,0,0,No Product,6.099594e-06,No Product,True
42.0,Self Enquiry,1,19.0,Large Business,Female,3,4.0,King,3.0,Married,3.0,0,4,1,2.0,VP,38223.0,1,1,Product Taken,0.5946693,Product Taken,True
47.0,Company Invited,3,10.0,Small Business,Male,3,3.0,Deluxe,3.0,Single,4.0,0,4,0,2.0,Manager,17976.0,0,0,No Product,0.002507078,No Product,True
42.0,Company Invited,3,17.0,Salaried,Male,3,4.0,Deluxe,3.0,Unmarried,2.0,0,1,0,2.0,Manager,24908.0,0,0,No Product,0.16069147,No Product,True
33.0,Self Enquiry,1,20.0,Small Business,Male,2,3.0,Basic,3.0,Married,6.0,1,1,1,1.0,Executive,17436.0,1,1,Product Taken,0.90805805,Product Taken,True
34.0,Company Invited,3,17.0,Small Business,Male,3,5.0,Deluxe,3.0,Unmarried,5.0,0,3,1,2.0,Manager,23360.0,0,0,No Product,0.09592772,No Product,True
36.0,Self Enquiry,1,23.0,Salaried,Male,4,4.0,Standard,3.0,Divorced,6.0,1,2,0,2.0,Senior Manager,26310.0,0,0,No Product,0.038930338,No Product,True
35.0,Company Invited,1,17.0,Small Business,Male,3,4.0,Standard,5.0,Married,3.0,1,5,1,2.0,Senior Manager,24884.0,0,0,No Product,0.16933869,No Product,True
37.0,Company Invited,3,15.0,Salaried,Male,4,5.0,Standard,5.0,Unmarried,3.0,0,1,0,1.0,Senior Manager,26265.0,0,0,No Product,0.008481347,No Product,True
29.0,Self Enquiry,1,26.0,Small Business,Male,4,5.0,Basic,5.0,Divorced,3.0,0,3,1,3.0,Executive,21874.0,0,0,No Product,0.3839224,No Product,True
50.0,Company Invited,1,6.0,Salaried,Female,3,3.0,King,4.0,Divorced,4.0,1,2,0,2.0,VP,33172.0,0,0,No Product,0.0011330023,No Product,True
37.0,Self Enquiry,1,22.0,Salaried,Male,3,4.0,Deluxe,3.0,Married,2.0,0,4,0,2.0,Manager,23512.0,1,0,No Product,0.0022306899,Product Taken,False
52.0,Self Enquiry,3,31.0,Small Business,Female,3,5.0,Deluxe,4.0,Unmarried,2.0,1,5,1,2.0,Manager,21516.0,1,1,Product Taken,0.81468004,Product Taken,True
40.0,Self Enquiry,2,10.0,Salaried,Female,3,3.0,Deluxe,4.0,Divorced,2.0,0,2,1,1.0,Manager,25067.0,0,0,No Product,0.0019263485,No Product,True
29.0,Self Enquiry,1,29.0,Salaried,Male,2,1.0,Basic,3.0,Married,2.0,0,1,1,1.0,Executive,17700.0,0,0,No Product,0.012078401,No Product,True
25.0,Self Enquiry,1,24.0,Salaried,Male,4,5.0,Basic,4.0,Married,3.0,0,3,1,2.0,Executive,20805.0,0,0,No Product,0.037045877,No Product,True
45.0,Self Enquiry,3,7.0,Salaried,Male,3,4.0,Deluxe,5.0,Married,2.0,0,4,1,2.0,Manager,33061.0,1,0,No Product,0.0004058914,Product Taken,False
20.0,Company Invited,1,12.0,Salaried,Female,3,4.0,Basic,3.0,Single,2.0,1,2,1,1.0,Executive,17926.0,1,1,Product Taken,0.8810621,Product Taken,True
37.0,Self Enquiry,2,16.0,Large Business,Female,3,4.0,Basic,3.0,Married,3.0,0,1,1,1.0,Executive,24088.0,1,0,No Product,0.03455624,Product Taken,False
48.0,Self Enquiry,1,26.0,Small Business,Male,2,3.0,Basic,3.0,Married,5.0,0,1,1,0.0,Executive,17259.0,0,0,No Product,0.00053234084,No Product,True
37.0,Self Enquiry,1,9.0,Salaried,Female,4,4.0,Basic,3.0,Divorced,6.0,0,5,1,1.0,Executive,21221.0,0,0,No Product,0.00022932256,No Product,True
47.0,Self Enquiry,1,11.0,Salaried,Male,2,3.0,King,3.0,Divorced,5.0,0,2,0,1.0,VP,33300.0,0,0,No Product,8.8478e-06,No Product,True
36.0,Self Enquiry,2,15.0,Large Business,Female,2,3.0,Basic,3.0,Married,2.0,0,1,1,0.0,Executive,20410.0,1,0,No Product,0.012806433,Product Taken,False
28.0,Company Invited,3,6.0,Small Business,Male,3,4.0,Deluxe,3.0,Divorced,2.0,0,3,0,2.0,Manager,23020.0,0,0,No Product,0.00029407596,No Product,True
27.0,Self Enquiry,1,9.0,Small Business,Male,3,2.0,Deluxe,3.0,Divorced,3.0,0,3,1,2.0,Manager,24150.0,0,0,No Product,0.00019749395,No Product,True
27.0,Self Enquiry,3,14.0,Small Business,Female,2,3.0,Deluxe,4.0,Married,2.0,0,1,0,1.0,Manager,21214.0,0,0,No Product,0.00013583647,No Product,True
23.0,Self Enquiry,1,13.0,Small Business,Male,4,4.0,Basic,3.0,Married,2.0,0,1,1,2.0,Executive,21451.0,0,0,No Product,0.0011365993,No Product,True
44.0,Self Enquiry,1,15.0,Salaried,Male,3,3.0,Basic,5.0,Divorced,2.0,1,3,1,0.0,Executive,17559.0,0,0,No Product,0.14908604,No Product,True
33.0,Self Enquiry,1,32.0,Salaried,Male,3,4.0,Basic,3.0,Unmarried,3.0,1,5,1,1.0,Executive,21473.0,1,1,Product Taken,0.5529911,Product Taken,True
30.0,Company Invited,1,29.0,Salaried,Male,3,5.0,Basic,3.0,Married,2.0,0,3,0,0.0,Executive,17613.0,0,0,No Product,0.11934986,No Product,True
30.0,Company Invited,1,7.0,Large Business,Male,3,4.0,Deluxe,3.0,Divorced,3.0,0,3,0,2.0,Manager,22997.0,0,0,No Product,5.0183044e-05,No Product,True
46.0,Self Enquiry,3,9.0,Small Business,Male,2,3.0,Super Deluxe,3.0,Married,4.0,0,1,1,0.0,AVP,32465.0,0,0,No Product,5.440577e-05,No Product,True
54.0,Self Enquiry,1,6.0,Small Business,Female,2,3.0,Super Deluxe,3.0,Single,7.0,0,4,1,1.0,AVP,32328.0,0,0,No Product,1.8700299e-05,No Product,True
36.0,Self Enquiry,1,14.0,Salaried,Male,4,5.0,Basic,3.0,Married,3.0,0,3,1,1.0,Executive,21368.0,0,0,No Product,6.981342e-05,No Product,True
40.0,Company Invited,1,16.0,Salaried,Male,4,4.0,Deluxe,4.0,Unmarried,2.0,0,1,1,1.0,Manager,25460.0,0,0,No Product,0.0045143543,No Product,True
27.0,Company Invited,3,36.0,Small Business,Male,4,6.0,Deluxe,5.0,Unmarried,2.0,0,3,0,1.0,Manager,23647.0,1,1,Product Taken,0.9185503,Product Taken,True
31.0,Company Invited,3,19.0,Salaried,Male,4,5.0,Basic,5.0,Married,3.0,0,5,1,3.0,Executive,20711.0,1,1,Product Taken,0.91702086,Product Taken,True
21.0,Company Invited,3,15.0,Small Business,Male,2,3.0,Basic,3.0,Single,2.0,0,4,1,0.0,Executive,17610.0,0,0,No Product,0.110682994,No Product,True
29.0,Company Invited,1,6.0,Salaried,Male,3,5.0,Basic,3.0,Married,2.0,0,2,1,0.0,Executive,17720.0,0,0,No Product,0.0010857778,No Product,True
36.0,Self Enquiry,1,34.0,Salaried,Male,3,4.0,Deluxe,3.0,Married,4.0,0,5,0,2.0,Manager,25561.0,0,0,No Product,0.000104124236,No Product,True
41.0,Company Invited,1,23.0,Small Business,Male,3,5.0,Deluxe,3.0,Unmarried,8.0,0,5,0,1.0,Manager,23772.0,0,0,No Product,0.0023589267,No Product,True
32.0,Self Enquiry,1,19.0,Small Business,Female,3,4.0,Deluxe,3.0,Divorced,2.0,1,4,0,2.0,Manager,24533.0,0,0,No Product,0.024056068,No Product,True
41.0,Self Enquiry,1,34.0,Salaried,Female,2,4.0,Super Deluxe,4.0,Married,1.0,0,5,1,1.0,AVP,28570.0,0,0,No Product,0.0023183746,No Product,True
37.0,Company Invited,1,10.0,Small Business,Male,2,4.0,Basic,4.0,Single,6.0,0,4,1,1.0,Executive,20766.0,0,0,No Product,0.05813118,No Product,True
48.0,Self Enquiry,1,6.0,Salaried,Female,2,4.0,Super Deluxe,5.0,Divorced,1.0,0,4,0,1.0,AVP,30402.0,0,0,No Product,5.632257e-05,No Product,True
35.0,Self Enquiry,1,22.0,Salaried,Fe Male,3,4.0,Standard,4.0,Unmarried,2.0,0,1,1,2.0,Senior Manager,23606.0,0,0,No Product,0.0037753184,No Product,True
28.0,Self Enquiry,1,6.0,Salaried,Female,3,5.0,Basic,4.0,Single,1.0,1,1,1,2.0,Executive,17216.0,1,1,Product Taken,0.7138052,Product Taken,True
44.0,Company Invited,1,17.0,Salaried,Female,3,4.0,Basic,3.0,Single,2.0,0,5,0,1.0,Executive,21133.0,0,0,No Product,0.04439809,No Product,True
39.0,Self Enquiry,2,9.0,Salaried,Female,2,2.0,Deluxe,4.0,Divorced,1.0,0,2,1,0.0,Manager,21389.0,0,0,No Product,0.00074805063,No Product,True
49.0,Self Enquiry,3,14.0,Large Business,Male,2,4.0,Super Deluxe,4.0,Married,7.0,0,4,1,1.0,AVP,28120.0,0,0,No Product,0.18589333,No Product,True
39.0,Self Enquiry,3,17.0,Salaried,Female,4,4.0,Deluxe,3.0,Married,3.0,0,4,0,3.0,Manager,24021.0,0,0,No Product,0.007244607,No Product,True
50.0,Company Invited,3,18.0,Salaried,Male,2,3.0,Deluxe,3.0,Single,4.0,1,3,1,1.0,Manager,31880.0,1,1,Product Taken,0.9770034,Product Taken,True
55.0,Self Enquiry,1,20.0,Small Business,Male,3,1.0,King,4.0,Single,1.0,0,1,1,1.0,VP,33722.0,0,0,No Product,0.000101341764,No Product,True
37.0,Self Enquiry,1,16.0,Salaried,Female,2,1.0,Standard,3.0,Married,2.0,1,1,0,1.0,Senior Manager,28744.0,0,0,No Product,8.642702e-06,No Product,True
29.0,Self Enquiry,1,29.0,Salaried,Male,2,3.0,Basic,3.0,Single,1.0,0,3,1,0.0,Executive,17201.0,0,0,No Product,0.015098268,No Product,True
49.0,Self Enquiry,1,13.0,Salaried,Male,2,4.0,Standard,3.0,Unmarried,1.0,0,2,1,1.0,Senior Manager,25965.0,0,0,No Product,0.027017433,No Product,True
27.0,Company Invited,1,11.0,Salaried,Female,2,3.0,Basic,3.0,Single,1.0,1,1,1,1.0,Executive,17379.0,0,0,No Product,0.043760534,No Product,True
50.0,Company Invited,1,25.0,Salaried,Male,4,4.0,Deluxe,3.0,Married,3.0,1,1,0,1.0,Manager,25482.0,0,0,No Product,0.00064523483,No Product,True
20.0,Self Enquiry,3,8.0,Small Business,Female,2,4.0,Basic,3.0,Single,2.0,0,4,0,1.0,Executive,17044.0,1,1,Product Taken,0.8958858,Product Taken,True
48.0,Self Enquiry,3,8.0,Small Business,Male,2,4.0,Deluxe,4.0,Unmarried,1.0,1,1,1,0.0,Manager,22898.0,1,1,Product Taken,0.903802,Product Taken,True
49.0,Company Invited,1,11.0,Small Business,Male,3,5.0,Super Deluxe,3.0,Married,4.0,0,5,1,2.0,AVP,33880.0,0,0,No Product,0.0048306887,No Product,True
54.0,Self Enquiry,3,15.0,Small Business,Male,4,4.0,Super Deluxe,3.0,Married,7.0,0,3,1,1.0,AVP,30514.0,0,0,No Product,0.00079997873,No Product,True
32.0,Self Enquiry,3,36.0,Small Business,Female,4,5.0,Deluxe,3.0,Married,3.0,0,3,1,1.0,Manager,24146.0,0,0,No Product,0.0032854443,No Product,True
50.0,Self Enquiry,1,35.0,Salaried,Male,2,4.0,Super Deluxe,3.0,Divorced,1.0,0,5,1,1.0,AVP,32046.0,0,0,No Product,0.006101445,No Product,True
23.0,Self Enquiry,1,26.0,Small Business,Male,4,4.0,Basic,3.0,Divorced,3.0,0,2,0,2.0,Executive,21001.0,0,0,No Product,0.0004138782,No Product,True
37.0,Self Enquiry,1,17.0,Large Business,Female,4,4.0,Standard,3.0,Divorced,5.0,0,3,0,3.0,Senior Manager,25772.0,0,0,No Product,0.0017548219,No Product,True
38.0,Self Enquiry,3,17.0,Salaried,Female,3,5.0,Deluxe,3.0,Married,4.0,1,4,0,1.0,Manager,25372.0,0,0,No Product,0.001134431,No Product,True
21.0,Self Enquiry,3,9.0,Small Business,Female,3,5.0,Basic,3.0,Single,3.0,0,4,0,2.0,Executive,20722.0,1,1,Product Taken,0.86572665,Product Taken,True
37.0,Self Enquiry,3,10.0,Salaried,Male,3,5.0,Standard,3.0,Married,3.0,1,1,1,1.0,Senior Manager,29003.0,1,0,No Product,0.15833226,Product Taken,False
35.0,Self Enquiry,1,31.0,Large Business,Male,3,4.0,Standard,4.0,Divorced,4.0,0,3,1,1.0,Senior Manager,25903.0,0,0,No Product,0.019226966,No Product,True
22.0,Self Enquiry,1,17.0,Small Business,Female,2,3.0,Basic,4.0,Married,2.0,0,1,1,1.0,Executive,17244.0,0,0,No Product,0.0072409487,No Product,True
37.0,Company Invited,3,25.0,Small Business,Male,2,3.0,Standard,4.0,Unmarried,2.0,1,5,0,0.0,Senior Manager,22642.0,0,1,Product Taken,0.8434105,No Product,False
34.0,Company Invited,1,7.0,Salaried,Female,3,2.0,Deluxe,4.0,Divorced,3.0,1,3,0,2.0,Manager,24166.0,0,0,No Product,0.00013364798,No Product,True
32.0,Self Enquiry,1,6.0,Small Business,Male,2,3.0,Deluxe,3.0,Married,2.0,1,4,1,1.0,Manager,21162.0,0,0,No Product,0.0022996587,No Product,True
46.0,Self Enquiry,1,8.0,Salaried,Male,2,3.0,Super Deluxe,3.0,Married,7.0,0,5,1,0.0,AVP,32861.0,0,0,No Product,2.1370532e-05,No Product,True
44.0,Self Enquiry,1,34.0,Large Business,Male,3,2.0,Basic,4.0,Married,7.0,0,5,1,2.0,Executive,23554.0,0,0,No Product,0.026972625,No Product,True
43.0,Company Invited,3,21.0,Salaried,Male,2,4.0,Deluxe,3.0,Married,4.0,0,5,1,0.0,Manager,21804.0,0,0,No Product,0.0012263977,No Product,True
43.0,Self Enquiry,1,36.0,Small Business,Male,3,6.0,Deluxe,3.0,Unmarried,6.0,0,3,1,1.0,Manager,22950.0,0,0,No Product,0.0021937625,No Product,True
29.0,Company Invited,3,30.0,Large Business,Male,2,1.0,Basic,5.0,Single,2.0,0,3,1,1.0,Executive,16091.0,1,1,Product Taken,0.7171237,Product Taken,True
43.0,Company Invited,3,19.0,Salaried,Male,3,4.0,Super Deluxe,5.0,Single,2.0,1,5,1,2.0,AVP,32436.0,1,1,Product Taken,0.99109507,Product Taken,True
29.0,Self Enquiry,1,21.0,Salaried,Female,3,5.0,Basic,3.0,Married,1.0,1,5,1,1.0,Executive,17168.0,0,0,No Product,0.017344436,No Product,True
29.0,Self Enquiry,1,31.0,Small Business,Male,3,4.0,Basic,4.0,Married,3.0,1,1,0,1.0,Executive,21086.0,1,1,Product Taken,0.9259329,Product Taken,True
37.0,Self Enquiry,1,14.0,Salaried,Male,4,4.0,Basic,3.0,Unmarried,4.0,0,3,1,3.0,Executive,23356.0,0,0,No Product,0.12931293,No Product,True
27.0,Self Enquiry,1,32.0,Salaried,Male,3,6.0,Basic,3.0,Single,3.0,0,1,0,1.0,Executive,20971.0,1,1,Product Taken,0.8370893,Product Taken,True
45.0,Self Enquiry,1,35.0,Large Business,Male,2,3.0,Standard,3.0,Divorced,5.0,1,5,1,0.0,Senior Manager,24380.0,0,0,No Product,0.10935965,No Product,True
55.0,Self Enquiry,2,26.0,Small Business,Male,3,4.0,Standard,4.0,Married,4.0,0,3,1,2.0,Senior Manager,29403.0,0,0,No Product,0.029285232,No Product,True
30.0,Self Enquiry,1,11.0,Large Business,Female,2,3.0,Basic,5.0,Married,6.0,0,5,1,1.0,Executive,18204.0,0,0,No Product,0.002761079,No Product,True
45.0,Company Invited,2,7.0,Salaried,Male,3,4.0,Deluxe,3.0,Married,6.0,1,5,1,2.0,Manager,24421.0,0,0,No Product,0.007848979,No Product,True
51.0,Company Invited,1,27.0,Small Business,Male,3,4.0,Super Deluxe,3.0,Married,4.0,1,4,1,2.0,AVP,29923.0,0,0,No Product,0.039980587,No Product,True
35.0,Self Enquiry,1,6.0,Small Business,Male,3,4.0,Basic,5.0,Single,2.0,0,1,0,2.0,Executive,17450.0,0,0,No Product,0.014352071,No Product,True
29.0,Company Invited,1,13.0,Salaried,Male,3,5.0,Basic,3.0,Married,3.0,1,4,1,2.0,Executive,21381.0,0,0,No Product,0.27162293,No Product,True
40.0,Self Enquiry,1,13.0,Salaried,Male,3,3.0,Basic,5.0,Single,4.0,1,3,0,1.0,Executive,17166.0,1,1,Product Taken,0.85601956,Product Taken,True
35.0,Self Enquiry,3,28.0,Salaried,Male,4,3.0,Deluxe,3.0,Unmarried,3.0,0,3,1,1.0,Manager,24015.0,0,0,No Product,0.00068280945,No Product,True
30.0,Self Enquiry,1,6.0,Salaried,Male,2,4.0,Deluxe,3.0,Divorced,2.0,1,2,1,1.0,Manager,20126.0,0,0,No Product,0.000371068,No Product,True
27.0,Self Enquiry,3,12.0,Salaried,Female,2,5.0,Basic,3.0,Unmarried,2.0,0,1,0,1.0,Executive,21644.0,0,0,No Product,0.24473014,No Product,True
35.0,Self Enquiry,1,11.0,Large Business,Male,3,3.0,Standard,4.0,Unmarried,1.0,0,3,1,1.0,Senior Manager,23095.0,0,0,No Product,0.009094629,No Product,True
34.0,Self Enquiry,1,7.0,Salaried,Male,4,5.0,Basic,5.0,Unmarried,5.0,1,4,1,2.0,Executive,21477.0,0,1,Product Taken,0.90317106,No Product,False
26.0,Company Invited,1,9.0,Large Business,Male,3,3.0,Basic,5.0,Single,1.0,0,3,0,1.0,Executive,18102.0,1,1,Product Taken,0.90428936,Product Taken,True
46.0,Self Enquiry,1,7.0,Small Business,Female,4,4.0,Basic,3.0,Married,5.0,0,5,1,1.0,Executive,20948.0,0,0,No Product,0.00043634363,No Product,True
32.0,Self Enquiry,3,8.0,Small Business,Male,2,4.0,Deluxe,4.0,Unmarried,1.0,1,1,1,0.0,Manager,24907.0,1,1,Product Taken,0.8457694,Product Taken,True
26.0,Self Enquiry,3,11.0,Salaried,Female,3,5.0,Deluxe,3.0,Unmarried,3.0,1,2,0,2.0,Manager,23165.0,0,1,Product Taken,0.7173129,No Product,False
46.0,Self Enquiry,3,16.0,Small Business,Female,3,4.0,Standard,3.0,Divorced,3.0,1,2,1,1.0,Senior Manager,24071.0,0,0,No Product,0.18704018,No Product,True
43.0,Self Enquiry,1,21.0,Salaried,Male,3,4.0,Super Deluxe,3.0,Married,2.0,0,3,1,1.0,AVP,32603.0,0,0,No Product,0.000824669,No Product,True
58.0,Self Enquiry,1,8.0,Large Business,Male,2,3.0,Basic,3.0,Single,5.0,0,1,0,0.0,Executive,17479.0,1,1,Product Taken,0.8848889,Product Taken,True
39.0,Self Enquiry,1,6.0,Small Business,Male,2,1.0,Standard,3.0,Married,1.0,0,3,1,0.0,Senior Manager,24613.0,0,0,No Product,0.00035722996,No Product,True
30.0,Self Enquiry,3,7.0,Small Business,Female,3,5.0,Basic,3.0,Married,8.0,1,2,0,2.0,Executive,21478.0,1,1,Product Taken,0.96443045,Product Taken,True
35.0,Company Invited,1,8.0,Salaried,Female,3,3.0,Deluxe,5.0,Married,3.0,0,4,0,0.0,Manager,20093.0,0,0,No Product,0.031937063,No Product,True
28.0,Self Enquiry,1,23.0,Large Business,Female,3,4.0,Basic,4.0,Married,2.0,0,1,1,1.0,Executive,21489.0,0,0,No Product,0.07211009,No Product,True
42.0,Self Enquiry,3,11.0,Small Business,Male,2,3.0,King,3.0,Married,7.0,0,4,0,1.0,VP,33303.0,0,0,No Product,0.00022292144,No Product,True
33.0,Self Enquiry,3,15.0,Large Business,Female,4,5.0,Deluxe,4.0,Divorced,3.0,1,2,1,1.0,Manager,23906.0,0,0,No Product,0.0003227022,No Product,True
55.0,Company Invited,1,14.0,Small Business,Male,2,4.0,Super Deluxe,4.0,Married,2.0,1,3,1,1.0,AVP,28577.0,0,0,No Product,0.0006575339,No Product,True
50.0,Company Invited,3,18.0,Small Business,Fe Male,3,3.0,Standard,3.0,Unmarried,5.0,0,5,0,0.0,Senior Manager,24208.0,0,0,No Product,0.002376794,No Product,True
25.0,Self Enquiry,1,25.0,Salaried,Male,3,4.0,Basic,3.0,Divorced,2.0,0,4,1,1.0,Executive,21452.0,0,0,No Product,0.0026052708,No Product,True
44.0,Company Invited,1,6.0,Small Business,Male,2,3.0,Basic,4.0,Married,2.0,1,3,1,1.0,Executive,17342.0,1,0,No Product,0.08637975,Product Taken,False
41.0,Self Enquiry,3,17.0,Large Business,Female,3,5.0,Deluxe,4.0,Married,2.0,0,5,1,2.0,Manager,25530.0,0,0,No Product,0.00020868918,No Product,True
37.0,Self Enquiry,3,17.0,Small Business,Male,3,5.0,Standard,5.0,Married,2.0,0,5,0,1.0,Senior Manager,25772.0,1,1,Product Taken,0.76950884,Product Taken,True
33.0,Company Invited,1,6.0,Salaried,Fe Male,3,3.0,Standard,3.0,Unmarried,2.0,1,1,1,0.0,Senior Manager,28458.0,0,0,No Product,0.0019466752,No Product,True
60.0,Self Enquiry,1,10.0,Salaried,Male,4,5.0,Basic,3.0,Married,5.0,0,3,0,1.0,Executive,20855.0,0,0,No Product,0.0054957597,No Product,True
59.0,Self Enquiry,1,12.0,Large Business,Female,3,5.0,Standard,4.0,Married,4.0,1,5,1,2.0,Senior Manager,29230.0,0,0,No Product,0.024725497,No Product,True
36.0,Company Invited,3,18.0,Small Business,Male,3,4.0,Deluxe,3.0,Married,3.0,0,5,1,2.0,Manager,23646.0,0,0,No Product,0.018282149,No Product,True
38.0,Self Enquiry,1,12.0,Small Business,Male,4,4.0,Deluxe,3.0,Married,2.0,0,3,0,1.0,Manager,25025.0,0,0,No Product,0.0021432252,No Product,True
59.0,Self Enquiry,3,31.0,Salaried,Female,2,3.0,Standard,5.0,Unmarried,1.0,0,3,1,0.0,Senior Manager,22637.0,0,0,No Product,0.46727154,No Product,True
32.0,Self Enquiry,3,13.0,Small Business,Male,3,3.0,Deluxe,3.0,Divorced,5.0,0,5,1,1.0,Manager,24204.0,0,0,No Product,0.002082836,No Product,True
34.0,Company Invited,3,29.0,Small Business,Male,4,4.0,Deluxe,4.0,Divorced,2.0,0,2,0,2.0,Manager,24824.0,0,0,No Product,0.009617242,No Product,True
34.0,Company Invited,1,13.0,Salaried,Male,2,4.0,Deluxe,3.0,Married,5.0,0,5,1,1.0,Manager,26403.0,0,0,No Product,0.0004920408,No Product,True
47.0,Self Enquiry,3,8.0,Salaried,Female,2,1.0,Super Deluxe,4.0,Married,7.0,0,1,0,0.0,AVP,30972.0,0,0,No Product,5.945674e-06,No Product,True
38.0,Self Enquiry,1,17.0,Salaried,Male,3,4.0,Deluxe,4.0,Unmarried,4.0,1,5,0,2.0,Manager,22875.0,0,0,No Product,0.10408162,No Product,True
30.0,Self Enquiry,3,33.0,Small Business,Male,3,3.0,Deluxe,3.0,Married,1.0,0,3,1,2.0,Manager,20304.0,0,0,No Product,0.00017413801,No Product,True
55.0,Company Invited,1,27.0,Salaried,Fe Male,3,4.0,Deluxe,3.0,Unmarried,5.0,0,4,0,2.0,Manager,23547.0,0,0,No Product,0.0033197002,No Product,True
35.0,Self Enquiry,1,16.0,Salaried,Male,3,4.0,Standard,3.0,Married,2.0,0,5,1,2.0,Senior Manager,27178.0,0,0,No Product,0.00051329617,No Product,True
33.0,Self Enquiry,1,10.0,Small Business,Female,4,4.0,Deluxe,5.0,Divorced,3.0,0,2,1,2.0,Manager,25403.0,0,0,No Product,0.0005885559,No Product,True
35.0,Self Enquiry,1,7.0,Salaried,Female,4,2.0,Basic,3.0,Unmarried,4.0,0,2,0,1.0,Executive,21958.0,0,0,No Product,0.0014315492,No Product,True
34.0,Self Enquiry,1,16.0,Salaried,Male,2,3.0,Basic,4.0,Married,2.0,0,2,1,0.0,Executive,17008.0,0,0,No Product,0.024204351,No Product,True
45.0,Self Enquiry,1,15.0,Salaried,Male,2,3.0,Deluxe,4.0,Married,1.0,0,4,1,0.0,Manager,17348.0,0,0,No Product,0.004858009,No Product,True
40.0,Self Enquiry,1,8.0,Small Business,Male,3,3.0,Basic,3.0,Married,3.0,0,1,0,0.0,Executive,17345.0,0,0,No Product,1.9024047e-07,No Product,True
45.0,Self Enquiry,1,6.0,Large Business,Male,3,3.0,Standard,4.0,Married,2.0,0,3,1,1.0,Senior Manager,22441.0,0,0,No Product,0.046569873,No Product,True
42.0,Company Invited,1,25.0,Small Business,Male,2,1.0,Basic,3.0,Married,7.0,1,3,0,0.0,Executive,17759.0,1,0,No Product,0.037525646,Product Taken,False
44.0,Company Invited,3,22.0,Salaried,Male,3,5.0,Deluxe,3.0,Married,5.0,0,5,1,1.0,Manager,25482.0,0,0,No Product,0.0028485125,No Product,True
33.0,Self Enquiry,1,9.0,Small Business,Fe Male,4,2.0,Deluxe,3.0,Unmarried,2.0,0,3,0,1.0,Manager,23733.0,0,0,No Product,0.00017375106,No Product,True
36.0,Company Invited,1,24.0,Small Business,Female,3,3.0,Basic,3.0,Single,2.0,0,3,1,2.0,Executive,17153.0,0,0,No Product,0.004290811,No Product,True
31.0,Self Enquiry,3,8.0,Salaried,Male,2,3.0,Basic,3.0,Married,1.0,0,4,1,0.0,Executive,18067.0,0,0,No Product,0.0031509746,No Product,True
39.0,Self Enquiry,1,17.0,Small Business,Female,3,6.0,Standard,3.0,Married,5.0,0,1,1,2.0,Senior Manager,31884.0,0,0,No Product,0.003340045,No Product,True
42.0,Self Enquiry,1,30.0,Small Business,Male,2,3.0,Standard,5.0,Divorced,2.0,1,2,1,1.0,Senior Manager,22406.0,0,0,No Product,0.0348033,No Product,True
28.0,Self Enquiry,1,18.0,Salaried,Male,4,4.0,Basic,5.0,Divorced,2.0,0,5,1,3.0,Executive,20777.0,0,0,No Product,0.07802356,No Product,True
42.0,Self Enquiry,1,19.0,Salaried,Male,3,4.0,Basic,3.0,Divorced,5.0,1,3,1,1.0,Executive,23444.0,0,0,No Product,0.14053005,No Product,True
46.0,Self Enquiry,1,6.0,Small Business,Male,3,3.0,Standard,5.0,Married,1.0,0,2,0,0.0,Senior Manager,24396.0,0,0,No Product,0.05558942,No Product,True
31.0,Self Enquiry,3,23.0,Salaried,Male,4,4.0,Deluxe,3.0,Divorced,2.0,0,3,0,3.0,Manager,23979.0,0,0,No Product,0.0012539295,No Product,True
37.0,Self Enquiry,1,14.0,Salaried,Male,4,4.0,Basic,4.0,Single,4.0,0,1,0,3.0,Executive,20691.0,0,0,No Product,0.27405083,No Product,True
28.0,Self Enquiry,1,7.0,Large Business,Male,3,4.0,Basic,5.0,Single,7.0,0,3,1,1.0,Executive,17080.0,1,1,Product Taken,0.93419856,Product Taken,True
36.0,Self Enquiry,1,32.0,Salaried,Male,3,5.0,Deluxe,3.0,Unmarried,6.0,0,1,1,1.0,Manager,22359.0,0,0,No Product,1.5406205e-05,No Product,True
34.0,Company Invited,3,8.0,Small Business,Female,3,3.0,Basic,3.0,Married,7.0,0,5,0,0.0,Executive,17231.0,0,0,No Product,0.0008192248,No Product,True
28.0,Self Enquiry,1,13.0,Salaried,Male,3,5.0,Basic,3.0,Divorced,3.0,0,2,1,2.0,Executive,21217.0,0,0,No Product,0.014059699,No Product,True
35.0,Self Enquiry,3,21.0,Large Business,Female,3,4.0,Basic,3.0,Married,3.0,1,5,1,2.0,Executive,21257.0,0,0,No Product,0.37789878,No Product,True
38.0,Self Enquiry,3,9.0,Salaried,Male,2,3.0,Deluxe,3.0,Unmarried,1.0,1,3,1,1.0,Manager,21861.0,0,0,No Product,0.12512748,No Product,True
60.0,Self Enquiry,3,32.0,Salaried,Fe Male,5,4.0,Standard,5.0,Unmarried,2.0,0,3,1,2.0,Senior Manager,26315.0,0,0,No Product,0.14075342,No Product,True
29.0,Self Enquiry,1,24.0,Small Business,Male,4,4.0,Deluxe,5.0,Married,3.0,0,2,0,1.0,Manager,23236.0,0,0,No Product,0.18931377,No Product,True
51.0,Company Invited,3,8.0,Small Business,Male,2,3.0,Standard,4.0,Divorced,3.0,0,4,0,0.0,Senior Manager,25596.0,0,0,No Product,0.024097947,No Product,True
39.0,Company Invited,1,19.0,Salaried,Male,2,5.0,Deluxe,5.0,Married,4.0,0,5,1,1.0,Manager,24966.0,0,0,No Product,0.035362743,No Product,True
35.0,Self Enquiry,1,15.0,Salaried,Female,3,4.0,Standard,3.0,Married,2.0,1,4,1,2.0,Senior Manager,25685.0,0,0,No Product,0.003755314,No Product,True
37.0,Self Enquiry,1,6.0,Salaried,Male,2,4.0,Deluxe,3.0,Married,2.0,0,5,1,1.0,Manager,20993.0,0,0,No Product,0.0017471855,No Product,True
36.0,Company Invited,1,11.0,Salaried,Male,3,5.0,Basic,3.0,Married,3.0,0,1,1,2.0,Executive,21054.0,0,0,No Product,0.00083375204,No Product,True
32.0,Self Enquiry,1,12.0,Salaried,Male,2,3.0,Basic,3.0,Single,4.0,0,2,0,1.0,Executive,18038.0,0,0,No Product,0.0040970277,No Product,True
53.0,Self Enquiry,1,18.0,Salaried,Female,3,4.0,Deluxe,3.0,Married,2.0,0,1,1,1.0,Manager,21827.0,0,0,No Product,0.0048537278,No Product,True
47.0,Self Enquiry,1,15.0,Salaried,Female,3,3.0,Basic,3.0,Single,5.0,0,3,1,0.0,Executive,17105.0,0,0,No Product,0.005880148,No Product,True
46.0,Self Enquiry,1,19.0,Salaried,Male,2,3.0,Deluxe,4.0,Single,7.0,0,4,1,0.0,Manager,20562.0,0,0,No Product,0.1389217,No Product,True
53.0,Self Enquiry,3,6.0,Small Business,Female,2,3.0,Deluxe,5.0,Unmarried,1.0,0,2,1,1.0,Manager,23381.0,0,0,No Product,0.010106645,No Product,True
37.0,Self Enquiry,1,23.0,Salaried,Female,3,2.0,Basic,5.0,Unmarried,3.0,0,2,1,1.0,Executive,21421.0,1,1,Product Taken,0.6624914,Product Taken,True
26.0,Self Enquiry,1,26.0,Small Business,Male,4,4.0,Basic,3.0,Divorced,5.0,0,5,1,3.0,Executive,22347.0,0,0,No Product,0.42195317,No Product,True
53.0,Self Enquiry,1,12.0,Salaried,Male,2,3.0,Deluxe,3.0,Single,3.0,0,5,1,0.0,Manager,17450.0,0,0,No Product,0.005272908,No Product,True
38.0,Self Enquiry,1,26.0,Salaried,Male,4,4.0,Basic,4.0,Married,6.0,0,4,0,2.0,Executive,21700.0,0,0,No Product,0.0012994817,No Product,True
34.0,Self Enquiry,1,8.0,Salaried,Male,2,4.0,Deluxe,5.0,Married,7.0,0,4,0,1.0,Manager,20957.0,0,0,No Product,0.059679832,No Product,True
45.0,Self Enquiry,1,9.0,Salaried,Female,4,2.0,Basic,3.0,Divorced,3.0,0,4,1,1.0,Executive,20689.0,0,0,No Product,0.007360581,No Product,True
35.0,Self Enquiry,1,13.0,Salaried,Male,3,4.0,Basic,3.0,Married,2.0,0,3,1,0.0,Executive,17690.0,0,0,No Product,0.00010256507,No Product,True
41.0,Company Invited,1,9.0,Small Business,Female,3,2.0,Deluxe,4.0,Divorced,3.0,0,3,0,2.0,Manager,22922.0,0,0,No Product,4.3664557e-05,No Product,True
33.0,Self Enquiry,1,7.0,Salaried,Male,4,4.0,Deluxe,4.0,Married,3.0,0,3,1,1.0,Manager,24898.0,0,0,No Product,0.04091833,No Product,True
42.0,Self Enquiry,3,7.0,Small Business,Male,3,3.0,Standard,5.0,Divorced,3.0,0,3,1,2.0,Senior Manager,27070.0,0,0,No Product,0.0019592254,No Product,True
41.0,Company Invited,1,16.0,Small Business,Male,3,4.0,Basic,4.0,Married,2.0,1,4,0,2.0,Executive,22295.0,0,1,Product Taken,0.84269744,No Product,False
56.0,Company Invited,3,12.0,Salaried,Female,2,1.0,Super Deluxe,5.0,Married,1.0,0,3,1,0.0,AVP,28212.0,0,0,No Product,0.0005120422,No Product,True
18.0,Self Enquiry,3,15.0,Small Business,Male,2,3.0,Basic,3.0,Single,2.0,0,5,0,1.0,Executive,16611.0,1,1,Product Taken,0.9440344,Product Taken,True
49.0,Self Enquiry,1,11.0,Large Business,Male,3,3.0,Deluxe,3.0,Divorced,3.0,0,3,0,0.0,Manager,21651.0,0,0,No Product,0.012399894,No Product,True
34.0,Self Enquiry,1,32.0,Salaried,Male,3,5.0,Deluxe,4.0,Unmarried,3.0,0,1,0,2.0,Manager,22998.0,0,0,No Product,0.036841437,No Product,True
38.0,Self Enquiry,3,8.0,Small Business,Male,2,3.0,Standard,4.0,Unmarried,1.0,0,4,1,1.0,Senior Manager,22351.0,0,0,No Product,0.03456027,No Product,True
44.0,Self Enquiry,1,14.0,Salaried,Male,3,1.0,Basic,3.0,Married,3.0,1,3,1,0.0,Executive,17818.0,0,0,No Product,0.11494285,No Product,True
34.0,Self Enquiry,1,20.0,Salaried,Female,3,4.0,Basic,3.0,Unmarried,5.0,0,3,1,1.0,Executive,22130.0,0,0,No Product,0.0055513685,No Product,True
30.0,Company Invited,3,9.0,Salaried,Male,4,4.0,Deluxe,3.0,Divorced,3.0,0,2,1,2.0,Manager,23327.0,0,0,No Product,0.0046014073,No Product,True
22.0,Self Enquiry,1,13.0,Salaried,Male,3,3.0,Basic,4.0,Single,2.0,1,3,1,0.0,Executive,17472.0,1,1,Product Taken,0.8624772,Product Taken,True
22.0,Company Invited,3,7.0,Large Business,Female,3,5.0,Basic,4.0,Single,3.0,1,5,1,2.0,Executive,20852.0,1,1,Product Taken,0.98635525,Product Taken,True
33.0,Self Enquiry,1,20.0,Small Business,Female,3,3.0,Basic,4.0,Married,2.0,0,5,1,1.0,Executive,17756.0,0,0,No Product,0.013343691,No Product,True
41.0,Self Enquiry,1,25.0,Salaried,Male,2,3.0,Deluxe,5.0,Married,3.0,0,1,0,0.0,Manager,18072.0,0,0,No Product,0.18589343,No Product,True
51.0,Self Enquiry,1,17.0,Large Business,Male,4,5.0,Standard,3.0,Single,8.0,0,5,1,2.0,Senior Manager,29174.0,0,0,No Product,0.20773739,No Product,True
54.0,Self Enquiry,3,7.0,Small Business,Fe Male,3,4.0,Deluxe,5.0,Unmarried,2.0,0,2,1,2.0,Manager,27059.0,0,0,No Product,0.060286757,No Product,True
53.0,Company Invited,3,14.0,Small Business,Female,4,4.0,Basic,3.0,Married,4.0,1,4,1,3.0,Executive,27124.0,1,1,Product Taken,0.9555748,Product Taken,True
41.0,Self Enquiry,3,32.0,Small Business,Male,3,5.0,Standard,4.0,Unmarried,4.0,1,5,0,2.0,Senior Manager,27772.0,1,1,Product Taken,0.84231025,Product Taken,True
34.0,Self Enquiry,3,15.0,Salaried,Female,3,3.0,Deluxe,3.0,Married,2.0,0,1,0,0.0,Manager,20714.0,0,0,No Product,0.0015657352,No Product,True
49.0,Self Enquiry,1,13.0,Salaried,Male,4,5.0,Deluxe,3.0,Unmarried,4.0,0,1,0,3.0,Manager,22918.0,0,0,No Product,0.014826243,No Product,True
43.0,Company Invited,1,30.0,Salaried,Male,3,5.0,Deluxe,3.0,Unmarried,3.0,0,3,1,2.0,Manager,23010.0,0,0,No Product,0.00263208,No Product,True
53.0,Company Invited,1,32.0,Small Business,Female,3,5.0,Super Deluxe,3.0,Divorced,5.0,0,5,0,2.0,AVP,32504.0,0,0,No Product,4.015411e-05,No Product,True
41.0,Company Invited,3,16.0,Salaried,Male,2,3.0,Deluxe,3.0,Single,1.0,0,1,0,1.0,Manager,21230.0,0,0,No Product,0.46372014,No Product,True
19.0,Company Invited,1,7.0,Salaried,Female,4,4.0,Basic,3.0,Single,3.0,0,5,1,2.0,Executive,20289.0,0,0,No Product,0.06716558,No Product,True
34.0,Company Invited,1,16.0,Large Business,Male,3,4.0,Deluxe,3.0,Married,2.0,0,4,1,1.0,Manager,20063.0,0,0,No Product,0.0008105958,No Product,True
34.0,Self Enquiry,3,13.0,Large Business,Male,2,3.0,Basic,3.0,Married,1.0,1,1,0,1.0,Executive,17308.0,0,0,No Product,0.02430386,No Product,True
37.0,Self Enquiry,1,16.0,Small Business,Male,3,5.0,Deluxe,4.0,Married,4.0,1,4,1,1.0,Manager,27525.0,0,0,No Product,0.018529983,No Product,True
39.0,Company Invited,1,17.0,Small Business,Male,4,4.0,Basic,3.0,Married,2.0,0,5,0,1.0,Executive,21362.0,0,0,No Product,0.0069130682,No Product,True
39.0,Self Enquiry,1,36.0,Large Business,Male,3,4.0,Deluxe,3.0,Divorced,5.0,0,2,0,2.0,Manager,24939.0,0,0,No Product,0.000117361895,No Product,True
28.0,Company Invited,1,22.0,Small Business,Male,2,3.0,Basic,3.0,Single,2.0,0,3,0,0.0,Executive,17144.0,0,0,No Product,0.13583553,No Product,True
32.0,Company Invited,1,6.0,Salaried,Male,3,3.0,Basic,3.0,Married,1.0,0,5,0,0.0,Executive,17314.0,0,0,No Product,0.004114313,No Product,True
33.0,Company Invited,3,18.0,Salaried,Male,3,3.0,Deluxe,3.0,Divorced,2.0,0,3,1,2.0,Manager,23385.0,1,0,No Product,0.06826118,Product Taken,False
30.0,Self Enquiry,1,28.0,Salaried,Female,3,2.0,Standard,5.0,Married,3.0,0,5,1,2.0,Senior Manager,28658.0,0,0,No Product,0.0014304257,No Product,True
34.0,Self Enquiry,1,7.0,Salaried,Male,4,5.0,Basic,5.0,Unmarried,5.0,1,4,0,1.0,Executive,21477.0,0,1,Product Taken,0.9134266,No Product,False
40.0,Company Invited,1,15.0,Small Business,Fe Male,2,3.0,Standard,3.0,Unmarried,1.0,0,4,1,1.0,Senior Manager,28499.0,0,0,No Product,0.003081917,No Product,True
42.0,Company Invited,2,8.0,Small Business,Male,3,1.0,Deluxe,5.0,Married,1.0,0,1,1,1.0,Manager,21272.0,0,0,No Product,0.00026565016,No Product,True
19.0,Company Invited,3,12.0,Small Business,Male,4,4.0,Basic,4.0,Single,3.0,1,4,1,1.0,Executive,20556.0,1,1,Product Taken,0.97589505,Product Taken,True
36.0,Company Invited,1,25.0,Salaried,Male,4,4.0,Deluxe,3.0,Married,3.0,1,3,1,1.0,Manager,24367.0,0,0,No Product,0.0123342965,No Product,True
41.0,Self Enquiry,3,17.0,Large Business,Female,3,5.0,Deluxe,4.0,Married,2.0,0,5,1,1.0,Manager,25530.0,0,0,No Product,0.00010412583,No Product,True
23.0,Self Enquiry,1,10.0,Salaried,Female,3,4.0,Deluxe,3.0,Divorced,2.0,1,5,1,2.0,Manager,22849.0,1,1,Product Taken,0.6622436,Product Taken,True
52.0,Self Enquiry,3,28.0,Small Business,Male,4,4.0,Deluxe,3.0,Unmarried,2.0,1,5,1,2.0,Manager,24119.0,0,0,No Product,0.054172702,No Product,True
49.0,Self Enquiry,3,17.0,Small Business,Female,2,3.0,Standard,3.0,Married,2.0,0,4,0,0.0,Senior Manager,22654.0,1,0,No Product,0.14181776,Product Taken,False
25.0,Self Enquiry,1,28.0,Large Business,Male,3,5.0,Basic,5.0,Married,2.0,0,3,0,1.0,Executive,20974.0,0,1,Product Taken,0.77290505,No Product,False
32.0,Self Enquiry,3,13.0,Salaried,Male,3,4.0,Deluxe,3.0,Divorced,2.0,0,3,1,2.0,Manager,20484.0,0,0,No Product,0.0036197382,No Product,True
31.0,Company Invited,3,6.0,Salaried,Female,2,3.0,Basic,4.0,Single,2.0,1,5,1,1.0,Executive,17302.0,1,1,Product Taken,0.9604652,Product Taken,True
28.0,Company Invited,1,12.0,Salaried,Male,2,4.0,Basic,3.0,Married,2.0,1,4,1,1.0,Executive,17703.0,0,0,No Product,0.024446746,No Product,True
34.0,Self Enquiry,3,23.0,Small Business,Fe Male,4,4.0,Deluxe,5.0,Unmarried,7.0,0,3,1,1.0,Manager,24002.0,1,0,No Product,0.1277972,Product Taken,False
34.0,Self Enquiry,3,16.0,Salaried,Female,2,3.0,Basic,3.0,Divorced,2.0,1,2,0,1.0,Executive,17220.0,0,0,No Product,0.11822365,No Product,True
27.0,Company Invited,3,6.0,Small Business,Male,3,3.0,Deluxe,4.0,Divorced,1.0,1,2,0,2.0,Manager,21349.0,0,0,No Product,0.0002917976,No Product,True
37.0,Company Invited,1,16.0,Small Business,Male,3,3.0,Standard,3.0,Married,7.0,0,3,0,2.0,Senior Manager,25048.0,1,1,Product Taken,0.7785145,Product Taken,True
40.0,Self Enquiry,2,9.0,Salaried,Female,3,5.0,Deluxe,3.0,Married,2.0,0,3,1,1.0,Manager,23882.0,0,0,No Product,0.0012505405,No Product,True
24.0,Self Enquiry,1,16.0,Small Business,Male,3,4.0,Basic,5.0,Divorced,3.0,0,3,0,2.0,Executive,21178.0,0,0,No Product,0.14468093,No Product,True
23.0,Self Enquiry,1,16.0,Large Business,Male,2,1.0,Basic,3.0,Married,3.0,0,1,1,0.0,Executive,17073.0,0,0,No Product,0.0009368544,No Product,True
26.0,Self Enquiry,3,17.0,Salaried,Male,3,4.0,Deluxe,3.0,Unmarried,2.0,0,2,0,2.0,Manager,23628.0,0,0,No Product,0.003800192,No Product,True
42.0,Company Invited,1,9.0,Salaried,Fe Male,4,5.0,Deluxe,3.0,Unmarried,4.0,1,1,0,1.0,Manager,25489.0,0,0,No Product,0.0006833542,No Product,True
27.0,Self Enquiry,3,30.0,Small Business,Female,3,5.0,Deluxe,3.0,Divorced,2.0,1,2,1,1.0,Manager,22835.0,0,1,Product Taken,0.5166813,No Product,False
